,,s,s,s
Time Step,Wall Time,Step Size,Simulation Time,CPU Time
      1,2020-11-06T13:37:31.154+01:00,   0.185E-04,   0.00002,   0.12500
      2,2020-11-06T13:37:31.162+01:00,   0.204E-04,   0.00004,   0.18750
      3,2020-11-06T13:37:31.171+01:00,   0.224E-04,   0.00006,   0.18750
      4,2020-11-06T13:37:31.175+01:00,   0.247E-04,   0.00009,   0.25000
      5,2020-11-06T13:37:31.178+01:00,   0.271E-04,   0.00011,   0.25000
      6,2020-11-06T13:37:31.184+01:00,   0.299E-04,   0.00014,   0.25000
      7,2020-11-06T13:37:31.189+01:00,   0.329E-04,   0.00018,   0.25000
      8,2020-11-06T13:37:31.199+01:00,   0.361E-04,   0.00021,   0.31250
      9,2020-11-06T13:37:31.203+01:00,   0.397E-04,   0.00025,   0.31250
     10,2020-11-06T13:37:31.206+01:00,   0.437E-04,   0.00030,   0.31250
     20,2020-11-06T13:37:31.234+01:00,   0.113E-03,   0.00106,   0.43750
     30,2020-11-06T13:37:31.289+01:00,   0.183E-03,   0.00274,   0.68750
     40,2020-11-06T13:37:31.324+01:00,   0.183E-03,   0.00456,   0.81250
     50,2020-11-06T13:37:31.353+01:00,   0.183E-03,   0.00639,   0.93750
     60,2020-11-06T13:37:31.407+01:00,   0.183E-03,   0.00822,   1.12500
     70,2020-11-06T13:37:31.432+01:00,   0.183E-03,   0.01004,   1.25000
     80,2020-11-06T13:37:31.471+01:00,   0.183E-03,   0.01187,   1.37500
     90,2020-11-06T13:37:31.520+01:00,   0.183E-03,   0.01370,   1.59375
    100,2020-11-06T13:37:31.571+01:00,   0.183E-03,   0.01552,   1.76562
    200,2020-11-06T13:37:31.852+01:00,   0.183E-03,   0.03379,   2.89062
    300,2020-11-06T13:37:32.128+01:00,   0.183E-03,   0.05205,   3.95312
    400,2020-11-06T13:37:32.397+01:00,   0.183E-03,   0.07032,   5.07812
    500,2020-11-06T13:37:32.711+01:00,   0.183E-03,   0.08858,   6.20312
    600,2020-11-06T13:37:33.008+01:00,   0.183E-03,   0.10685,   7.37500
    700,2020-11-06T13:37:33.308+01:00,   0.163E-03,   0.12321,   8.56250
    800,2020-11-06T13:37:33.625+01:00,   0.163E-03,   0.13955,   9.81250
    900,2020-11-06T13:37:33.963+01:00,   0.163E-03,   0.15589,  11.15625
   1000,2020-11-06T13:37:34.282+01:00,   0.163E-03,   0.17223,  12.37500
   1100,2020-11-06T13:37:34.652+01:00,   0.163E-03,   0.18858,  13.85938
   1200,2020-11-06T13:37:35.010+01:00,   0.146E-03,   0.20321,  15.29688
   1300,2020-11-06T13:37:35.320+01:00,   0.146E-03,   0.21784,  16.51562
   1400,2020-11-06T13:37:35.670+01:00,   0.146E-03,   0.23248,  17.89062
   1500,2020-11-06T13:37:36.050+01:00,   0.146E-03,   0.24711,  19.45312
   1600,2020-11-06T13:37:36.399+01:00,   0.146E-03,   0.26175,  20.79688
   1700,2020-11-06T13:37:36.740+01:00,   0.146E-03,   0.27638,  22.17188
   1800,2020-11-06T13:37:37.113+01:00,   0.131E-03,   0.29032,  23.67188
   1900,2020-11-06T13:37:37.479+01:00,   0.131E-03,   0.30345,  25.10938
   2000,2020-11-06T13:37:37.822+01:00,   0.131E-03,   0.31658,  26.46875
   2100,2020-11-06T13:37:38.196+01:00,   0.131E-03,   0.32970,  27.84375
   2200,2020-11-06T13:37:38.492+01:00,   0.118E-03,   0.34269,  29.03125
   2300,2020-11-06T13:37:38.918+01:00,   0.118E-03,   0.35450,  30.70312
   2400,2020-11-06T13:37:39.308+01:00,   0.118E-03,   0.36631,  32.17188
   2500,2020-11-06T13:37:39.694+01:00,   0.106E-03,   0.37713,  33.62500
   2600,2020-11-06T13:37:40.068+01:00,   0.117E-03,   0.38825,  35.04688
   2700,2020-11-06T13:37:40.520+01:00,   0.105E-03,   0.39893,  36.73438
   2800,2020-11-06T13:37:40.873+01:00,   0.105E-03,   0.40939,  38.00000
   2900,2020-11-06T13:37:41.203+01:00,   0.105E-03,   0.41986,  39.26562
   3000,2020-11-06T13:37:41.581+01:00,   0.105E-03,   0.43032,  40.67188
   3100,2020-11-06T13:37:41.932+01:00,   0.105E-03,   0.44078,  42.10938
   3200,2020-11-06T13:37:42.310+01:00,   0.102E-03,   0.45031,  43.60938
   3300,2020-11-06T13:37:42.633+01:00,   0.100E-03,   0.46023,  44.92188
   3400,2020-11-06T13:37:42.991+01:00,   0.100E-03,   0.47026,  46.26562
   3500,2020-11-06T13:37:43.351+01:00,   0.956E-04,   0.47956,  47.70312
   3600,2020-11-06T13:37:43.683+01:00,   0.916E-04,   0.48872,  49.01562
   3700,2020-11-06T13:37:44.045+01:00,   0.993E-04,   0.49831,  50.43750
   3800,2020-11-06T13:37:44.438+01:00,   0.884E-04,   0.50804,  51.95312
   3900,2020-11-06T13:37:44.773+01:00,   0.938E-04,   0.51724,  53.28125
   4000,2020-11-06T13:37:45.151+01:00,   0.103E-03,   0.52669,  54.70312
   4100,2020-11-06T13:37:45.549+01:00,   0.905E-04,   0.53606,  56.23438
   4200,2020-11-06T13:37:45.897+01:00,   0.811E-04,   0.54483,  57.67188
   4300,2020-11-06T13:37:46.257+01:00,   0.959E-04,   0.55383,  59.10938
   4400,2020-11-06T13:37:46.605+01:00,   0.936E-04,   0.56322,  60.42188
   4500,2020-11-06T13:37:46.966+01:00,   0.910E-04,   0.57288,  61.84375
   4600,2020-11-06T13:37:47.324+01:00,   0.924E-04,   0.58163,  63.26562
   4700,2020-11-06T13:37:47.699+01:00,   0.904E-04,   0.59154,  64.68750
   4800,2020-11-06T13:37:48.049+01:00,   0.980E-04,   0.60076,  66.00000
   4900,2020-11-06T13:37:48.443+01:00,   0.872E-04,   0.60982,  67.62500
   5000,2020-11-06T13:37:48.829+01:00,   0.948E-04,   0.61839,  69.06250
   5100,2020-11-06T13:37:49.196+01:00,   0.935E-04,   0.62741,  70.39062
   5200,2020-11-06T13:37:49.539+01:00,   0.904E-04,   0.63631,  71.71875
   5300,2020-11-06T13:37:49.913+01:00,   0.878E-04,   0.64510,  73.14062
   5400,2020-11-06T13:37:50.253+01:00,   0.955E-04,   0.65427,  74.45312
   5500,2020-11-06T13:37:50.585+01:00,   0.843E-04,   0.66291,  75.81250
   5600,2020-11-06T13:37:50.953+01:00,   0.928E-04,   0.67154,  77.20312
   5700,2020-11-06T13:37:51.349+01:00,   0.915E-04,   0.68053,  78.75000
   5800,2020-11-06T13:37:51.751+01:00,   0.878E-04,   0.68916,  80.31250
   5900,2020-11-06T13:37:52.083+01:00,   0.842E-04,   0.69744,  81.68750
   6000,2020-11-06T13:37:52.405+01:00,   0.842E-04,   0.70585,  82.92188
   6100,2020-11-06T13:37:52.758+01:00,   0.833E-04,   0.71433,  84.29688
   6200,2020-11-06T13:37:53.104+01:00,   0.880E-04,   0.72286,  85.64062
   6300,2020-11-06T13:37:53.489+01:00,   0.870E-04,   0.73100,  87.20312
   6400,2020-11-06T13:37:53.848+01:00,   0.674E-04,   0.73904,  88.64062
   6500,2020-11-06T13:37:54.202+01:00,   0.805E-04,   0.74706,  90.01562
   6600,2020-11-06T13:37:54.548+01:00,   0.868E-04,   0.75533,  91.35938
   6700,2020-11-06T13:37:54.934+01:00,   0.844E-04,   0.76361,  92.89062
   6800,2020-11-06T13:37:55.336+01:00,   0.844E-04,   0.77204,  94.43750
   6900,2020-11-06T13:37:55.745+01:00,   0.740E-04,   0.78015,  96.06250
   7000,2020-11-06T13:37:56.123+01:00,   0.795E-04,   0.78830,  97.53125
   7100,2020-11-06T13:37:56.516+01:00,   0.838E-04,   0.79642,  99.04688
   7200,2020-11-06T13:37:56.882+01:00,   0.828E-04,   0.80462, 100.48438
   7300,2020-11-06T13:37:57.268+01:00,   0.806E-04,   0.81271, 101.96875
   7400,2020-11-06T13:37:57.695+01:00,   0.859E-04,   0.82028, 103.71875
   7500,2020-11-06T13:37:58.083+01:00,   0.825E-04,   0.82788, 105.20312
   7600,2020-11-06T13:37:58.423+01:00,   0.797E-04,   0.83558, 106.43750
   7700,2020-11-06T13:37:58.774+01:00,   0.852E-04,   0.84370, 107.81250
   7800,2020-11-06T13:37:59.146+01:00,   0.661E-04,   0.85148, 109.29688
   7900,2020-11-06T13:37:59.502+01:00,   0.799E-04,   0.85925, 110.64062
   8000,2020-11-06T13:37:59.811+01:00,   0.751E-04,   0.86679, 111.87500
   8100,2020-11-06T13:38:00.202+01:00,   0.724E-04,   0.87460, 113.37500
   8200,2020-11-06T13:38:00.599+01:00,   0.788E-04,   0.88261, 114.98438
   8300,2020-11-06T13:38:00.988+01:00,   0.778E-04,   0.89036, 116.53125
   8400,2020-11-06T13:38:01.346+01:00,   0.714E-04,   0.89805, 117.90625
   8500,2020-11-06T13:38:01.712+01:00,   0.847E-04,   0.90569, 119.34375
   8600,2020-11-06T13:38:02.148+01:00,   0.747E-04,   0.91347, 121.01562
   8700,2020-11-06T13:38:02.543+01:00,   0.763E-04,   0.92107, 122.53125
   8800,2020-11-06T13:38:02.910+01:00,   0.763E-04,   0.92870, 124.03125
   8900,2020-11-06T13:38:03.222+01:00,   0.793E-04,   0.93648, 125.21875
   9000,2020-11-06T13:38:03.577+01:00,   0.793E-04,   0.94441, 126.64062
   9100,2020-11-06T13:38:03.925+01:00,   0.783E-04,   0.95218, 127.98438
   9200,2020-11-06T13:38:04.330+01:00,   0.736E-04,   0.95979, 129.60938
   9300,2020-11-06T13:38:04.683+01:00,   0.716E-04,   0.96723, 131.04688
   9400,2020-11-06T13:38:05.077+01:00,   0.688E-04,   0.97452, 132.60938
   9500,2020-11-06T13:38:05.479+01:00,   0.676E-04,   0.98180, 134.21875
   9600,2020-11-06T13:38:05.842+01:00,   0.785E-04,   0.98878, 135.60938
   9700,2020-11-06T13:38:06.215+01:00,   0.758E-04,   0.99586, 137.10938
   9800,2020-11-06T13:38:06.608+01:00,   0.631E-04,   1.00280, 138.56250
   9900,2020-11-06T13:38:06.956+01:00,   0.735E-04,   1.00937, 139.92188
  10000,2020-11-06T13:38:07.371+01:00,   0.716E-04,   1.01615, 141.42188
  10100,2020-11-06T13:38:07.730+01:00,   0.670E-04,   1.02289, 142.84375
  10200,2020-11-06T13:38:08.106+01:00,   0.660E-04,   1.02993, 144.34375
  10300,2020-11-06T13:38:08.458+01:00,   0.687E-04,   1.03685, 145.76562
  10400,2020-11-06T13:38:08.808+01:00,   0.790E-04,   1.04351, 147.10938
  10500,2020-11-06T13:38:09.212+01:00,   0.759E-04,   1.05073, 148.70312
  10600,2020-11-06T13:38:09.563+01:00,   0.740E-04,   1.05811, 150.06250
  10700,2020-11-06T13:38:09.920+01:00,   0.648E-04,   1.06538, 151.46875
  10800,2020-11-06T13:38:10.294+01:00,   0.676E-04,   1.07240, 152.95312
  10900,2020-11-06T13:38:10.629+01:00,   0.669E-04,   1.07883, 154.32812
  11000,2020-11-06T13:38:11.001+01:00,   0.701E-04,   1.08555, 155.76562
  11100,2020-11-06T13:38:11.381+01:00,   0.624E-04,   1.09250, 157.29688
  11200,2020-11-06T13:38:11.718+01:00,   0.680E-04,   1.09939, 158.54688
  11300,2020-11-06T13:38:12.117+01:00,   0.680E-04,   1.10618, 160.09375
  11400,2020-11-06T13:38:12.449+01:00,   0.732E-04,   1.11289, 161.39062
  11500,2020-11-06T13:38:12.856+01:00,   0.645E-04,   1.11979, 162.98438
  11600,2020-11-06T13:38:13.241+01:00,   0.780E-04,   1.12692, 164.54688
  11700,2020-11-06T13:38:13.620+01:00,   0.691E-04,   1.13389, 166.04688
  11800,2020-11-06T13:38:13.990+01:00,   0.667E-04,   1.14079, 167.53125
  11900,2020-11-06T13:38:14.403+01:00,   0.634E-04,   1.14745, 169.14062
  12000,2020-11-06T13:38:15.036+01:00,   0.698E-04,   1.15432, 171.34375
  12100,2020-11-06T13:38:15.531+01:00,   0.603E-04,   1.16091, 172.98438
  12200,2020-11-06T13:38:15.903+01:00,   0.683E-04,   1.16733, 174.35938
  12300,2020-11-06T13:38:16.304+01:00,   0.657E-04,   1.17424, 175.96875
  12400,2020-11-06T13:38:16.662+01:00,   0.705E-04,   1.18102, 177.40625
  12500,2020-11-06T13:38:17.019+01:00,   0.604E-04,   1.18726, 178.82812
  12600,2020-11-06T13:38:17.394+01:00,   0.664E-04,   1.19362, 180.31250
  12700,2020-11-06T13:38:17.760+01:00,   0.664E-04,   1.20026, 181.73438
  12800,2020-11-06T13:38:18.134+01:00,   0.664E-04,   1.20691, 183.18750
  12900,2020-11-06T13:38:18.484+01:00,   0.701E-04,   1.21371, 184.54688
  13000,2020-11-06T13:38:18.859+01:00,   0.676E-04,   1.22031, 186.04688
  13100,2020-11-06T13:38:19.235+01:00,   0.662E-04,   1.22659, 187.53125
  13200,2020-11-06T13:38:19.570+01:00,   0.702E-04,   1.23329, 188.79688
  13300,2020-11-06T13:38:19.888+01:00,   0.616E-04,   1.23992, 190.00000
  13400,2020-11-06T13:38:20.264+01:00,   0.713E-04,   1.24657, 191.50000
  13500,2020-11-06T13:38:20.648+01:00,   0.610E-04,   1.25300, 192.96875
  13600,2020-11-06T13:38:21.043+01:00,   0.632E-04,   1.25938, 194.42188
  13700,2020-11-06T13:38:21.428+01:00,   0.576E-04,   1.26598, 195.98438
  13800,2020-11-06T13:38:21.767+01:00,   0.604E-04,   1.27203, 197.25000
  13900,2020-11-06T13:38:22.101+01:00,   0.695E-04,   1.27867, 198.50000
  14000,2020-11-06T13:38:22.474+01:00,   0.668E-04,   1.28523, 199.96875
  14100,2020-11-06T13:38:22.823+01:00,   0.651E-04,   1.29184, 201.34375
  14200,2020-11-06T13:38:23.232+01:00,   0.651E-04,   1.29835, 202.89062
  14300,2020-11-06T13:38:23.581+01:00,   0.662E-04,   1.30474, 204.21875
  14400,2020-11-06T13:38:23.964+01:00,   0.616E-04,   1.31097, 205.78125
  14500,2020-11-06T13:38:24.352+01:00,   0.647E-04,   1.31728, 207.17188
  14600,2020-11-06T13:38:24.703+01:00,   0.554E-04,   1.32376, 208.51562
  14700,2020-11-06T13:38:25.037+01:00,   0.603E-04,   1.32983, 209.89062
  14800,2020-11-06T13:38:25.451+01:00,   0.664E-04,   1.33609, 211.42188
  14900,2020-11-06T13:38:25.779+01:00,   0.571E-04,   1.34227, 212.73438
  15000,2020-11-06T13:38:26.183+01:00,   0.605E-04,   1.34841, 214.31250
  15100,2020-11-06T13:38:26.553+01:00,   0.621E-04,   1.35445, 215.79688
  15200,2020-11-06T13:38:26.918+01:00,   0.667E-04,   1.36064, 217.15625
  15300,2020-11-06T13:38:27.285+01:00,   0.681E-04,   1.36667, 218.64062
  15400,2020-11-06T13:38:27.610+01:00,   0.665E-04,   1.37334, 219.82812
  15500,2020-11-06T13:38:27.939+01:00,   0.655E-04,   1.37987, 221.10938
  15600,2020-11-06T13:38:28.312+01:00,   0.631E-04,   1.38649, 222.59375
  15700,2020-11-06T13:38:28.690+01:00,   0.695E-04,   1.39298, 224.09375
  15800,2020-11-06T13:38:29.058+01:00,   0.625E-04,   1.39924, 225.57812
  15900,2020-11-06T13:38:29.412+01:00,   0.625E-04,   1.40548, 227.00000
  16000,2020-11-06T13:38:29.745+01:00,   0.595E-04,   1.41162, 228.29688
  16100,2020-11-06T13:38:30.109+01:00,   0.643E-04,   1.41780, 229.71875
  16200,2020-11-06T13:38:30.470+01:00,   0.612E-04,   1.42399, 231.15625
  16300,2020-11-06T13:38:30.881+01:00,   0.640E-04,   1.42992, 232.78125
  16400,2020-11-06T13:38:31.288+01:00,   0.605E-04,   1.43586, 234.39062
  16500,2020-11-06T13:38:31.643+01:00,   0.509E-04,   1.44161, 235.76562
  16600,2020-11-06T13:38:31.997+01:00,   0.661E-04,   1.44756, 237.18750
  16700,2020-11-06T13:38:32.352+01:00,   0.620E-04,   1.45344, 238.51562
  16800,2020-11-06T13:38:32.714+01:00,   0.586E-04,   1.45941, 239.93750
  16900,2020-11-06T13:38:33.089+01:00,   0.618E-04,   1.46537, 241.42188
  17000,2020-11-06T13:38:33.451+01:00,   0.659E-04,   1.47123, 242.78125
  17100,2020-11-06T13:38:33.816+01:00,   0.575E-04,   1.47717, 244.20312
  17200,2020-11-06T13:38:34.160+01:00,   0.625E-04,   1.48333, 245.54688
  17300,2020-11-06T13:38:34.583+01:00,   0.615E-04,   1.48943, 247.23438
  17400,2020-11-06T13:38:34.948+01:00,   0.602E-04,   1.49561, 248.65625
  17500,2020-11-06T13:38:35.309+01:00,   0.527E-04,   1.50119, 250.04688
  17600,2020-11-06T13:38:35.699+01:00,   0.553E-04,   1.50711, 251.51562
  17700,2020-11-06T13:38:36.034+01:00,   0.608E-04,   1.51310, 252.81250
  17800,2020-11-06T13:38:36.396+01:00,   0.602E-04,   1.51933, 254.31250
  17900,2020-11-06T13:38:36.738+01:00,   0.641E-04,   1.52547, 255.62500
  18000,2020-11-06T13:38:37.118+01:00,   0.617E-04,   1.53161, 256.96875
  18100,2020-11-06T13:38:37.484+01:00,   0.605E-04,   1.53761, 258.37500
  18200,2020-11-06T13:38:37.830+01:00,   0.615E-04,   1.54316, 259.75000
  18300,2020-11-06T13:38:38.181+01:00,   0.553E-04,   1.54925, 261.17188
  18400,2020-11-06T13:38:38.608+01:00,   0.650E-04,   1.55524, 262.75000
  18500,2020-11-06T13:38:38.971+01:00,   0.561E-04,   1.56149, 264.15625
  18600,2020-11-06T13:38:39.352+01:00,   0.640E-04,   1.56735, 265.71875
  18700,2020-11-06T13:38:39.748+01:00,   0.632E-04,   1.57360, 267.26562
  18800,2020-11-06T13:38:40.102+01:00,   0.572E-04,   1.57946, 268.62500
  18900,2020-11-06T13:38:40.448+01:00,   0.557E-04,   1.58527, 269.98438
  19000,2020-11-06T13:38:40.815+01:00,   0.601E-04,   1.59117, 271.35938
  19100,2020-11-06T13:38:41.193+01:00,   0.586E-04,   1.59714, 272.90625
  19200,2020-11-06T13:38:41.534+01:00,   0.637E-04,   1.60300, 274.28125
  19300,2020-11-06T13:38:41.917+01:00,   0.547E-04,   1.60889, 275.76562
  19400,2020-11-06T13:38:42.293+01:00,   0.595E-04,   1.61491, 277.25000
  19500,2020-11-06T13:38:42.676+01:00,   0.595E-04,   1.62086, 278.79688
  19600,2020-11-06T13:38:43.065+01:00,   0.587E-04,   1.62679, 280.28125
  19700,2020-11-06T13:38:43.394+01:00,   0.578E-04,   1.63251, 281.65625
  19800,2020-11-06T13:38:43.720+01:00,   0.540E-04,   1.63811, 282.90625
  19900,2020-11-06T13:38:44.060+01:00,   0.531E-04,   1.64388, 284.18750
  20000,2020-11-06T13:38:44.418+01:00,   0.624E-04,   1.64946, 285.60938
  20100,2020-11-06T13:38:44.793+01:00,   0.584E-04,   1.65510, 287.10938
  20200,2020-11-06T13:38:45.151+01:00,   0.565E-04,   1.66090, 288.50000
  20300,2020-11-06T13:38:45.531+01:00,   0.646E-04,   1.66657, 289.96875
  20400,2020-11-06T13:38:45.923+01:00,   0.622E-04,   1.67235, 291.51562
  20500,2020-11-06T13:38:46.294+01:00,   0.540E-04,   1.67778, 292.96875
  20600,2020-11-06T13:38:46.664+01:00,   0.521E-04,   1.68361, 294.46875
  20700,2020-11-06T13:38:46.998+01:00,   0.555E-04,   1.68901, 295.78125
  20800,2020-11-06T13:38:47.378+01:00,   0.589E-04,   1.69466, 297.23438
  20900,2020-11-06T13:38:47.737+01:00,   0.580E-04,   1.70043, 298.65625
  21000,2020-11-06T13:38:48.133+01:00,   0.566E-04,   1.70621, 300.26562
  21100,2020-11-06T13:38:48.522+01:00,   0.609E-04,   1.71193, 301.81250
  21200,2020-11-06T13:38:48.895+01:00,   0.598E-04,   1.71758, 303.31250
  21300,2020-11-06T13:38:49.253+01:00,   0.582E-04,   1.72345, 304.70312
  21400,2020-11-06T13:38:49.593+01:00,   0.565E-04,   1.72910, 306.00000
  21500,2020-11-06T13:38:49.957+01:00,   0.565E-04,   1.73475, 307.46875
  21600,2020-11-06T13:38:50.306+01:00,   0.533E-04,   1.74047, 308.82812
  21700,2020-11-06T13:38:50.673+01:00,   0.533E-04,   1.74581, 310.20312
  21800,2020-11-06T13:38:51.087+01:00,   0.567E-04,   1.75131, 311.89062
  21900,2020-11-06T13:38:51.475+01:00,   0.538E-04,   1.75689, 313.35938
  22000,2020-11-06T13:38:51.870+01:00,   0.523E-04,   1.76244, 314.85938
  22100,2020-11-06T13:38:52.256+01:00,   0.576E-04,   1.76812, 316.42188
  22200,2020-11-06T13:38:52.604+01:00,   0.505E-04,   1.77354, 317.76562
  22300,2020-11-06T13:38:52.962+01:00,   0.650E-04,   1.77912, 319.20312
  22400,2020-11-06T13:38:53.495+01:00,   0.565E-04,   1.78490, 321.01562
  22500,2020-11-06T13:38:54.469+01:00,   0.518E-04,   1.79040, 322.89062
  22600,2020-11-06T13:38:54.856+01:00,   0.498E-04,   1.79600, 324.43750
  22700,2020-11-06T13:38:55.203+01:00,   0.637E-04,   1.80145, 325.81250
  22800,2020-11-06T13:38:55.660+01:00,   0.541E-04,   1.80714, 327.48438
  22900,2020-11-06T13:38:56.054+01:00,   0.534E-04,   1.81293, 329.00000
  23000,2020-11-06T13:38:56.465+01:00,   0.574E-04,   1.81846, 330.62500
  23100,2020-11-06T13:38:56.883+01:00,   0.547E-04,   1.82403, 332.20312
  23200,2020-11-06T13:38:57.252+01:00,   0.504E-04,   1.82965, 333.62500
  23300,2020-11-06T13:38:57.646+01:00,   0.528E-04,   1.83505, 335.25000
  23400,2020-11-06T13:38:58.026+01:00,   0.580E-04,   1.84039, 336.70312
  23500,2020-11-06T13:38:58.384+01:00,   0.564E-04,   1.84595, 338.03125
  23600,2020-11-06T13:38:58.758+01:00,   0.564E-04,   1.85159, 339.50000
  23700,2020-11-06T13:38:59.159+01:00,   0.457E-04,   1.85696, 341.06250
  23800,2020-11-06T13:38:59.540+01:00,   0.521E-04,   1.86205, 342.56250
  23900,2020-11-06T13:38:59.919+01:00,   0.610E-04,   1.86752, 344.01562
  24000,2020-11-06T13:39:00.300+01:00,   0.577E-04,   1.87296, 345.48438
  24100,2020-11-06T13:39:00.704+01:00,   0.547E-04,   1.87833, 347.00000
  24200,2020-11-06T13:39:01.067+01:00,   0.584E-04,   1.88359, 348.46875
  24300,2020-11-06T13:39:01.462+01:00,   0.551E-04,   1.88911, 349.98438
  24400,2020-11-06T13:39:01.845+01:00,   0.539E-04,   1.89455, 351.46875
  24500,2020-11-06T13:39:02.218+01:00,   0.521E-04,   1.89992, 352.89062
  24600,2020-11-06T13:39:02.602+01:00,   0.447E-04,   1.90520, 354.37500
  24700,2020-11-06T13:39:02.974+01:00,   0.508E-04,   1.91057, 355.87500
  24800,2020-11-06T13:39:03.360+01:00,   0.479E-04,   1.91599, 357.37500
  24900,2020-11-06T13:39:03.702+01:00,   0.580E-04,   1.92151, 358.75000
  25000,2020-11-06T13:39:04.043+01:00,   0.563E-04,   1.92701, 359.98438
  25100,2020-11-06T13:39:04.407+01:00,   0.497E-04,   1.93242, 361.37500
  25200,2020-11-06T13:39:04.782+01:00,   0.490E-04,   1.93728, 362.87500
  25300,2020-11-06T13:39:05.141+01:00,   0.503E-04,   1.94225, 364.23438
  25400,2020-11-06T13:39:05.508+01:00,   0.547E-04,   1.94746, 365.67188
  25500,2020-11-06T13:39:05.877+01:00,   0.440E-04,   1.95254, 367.09375
  25600,2020-11-06T13:39:06.269+01:00,   0.511E-04,   1.95767, 368.65625
  25700,2020-11-06T13:39:06.636+01:00,   0.511E-04,   1.96278, 370.03125
  25800,2020-11-06T13:39:07.005+01:00,   0.544E-04,   1.96801, 371.50000
  25900,2020-11-06T13:39:07.342+01:00,   0.525E-04,   1.97337, 372.81250
  26000,2020-11-06T13:39:07.717+01:00,   0.553E-04,   1.97881, 374.31250
  26100,2020-11-06T13:39:08.109+01:00,   0.505E-04,   1.98405, 375.81250
  26200,2020-11-06T13:39:08.469+01:00,   0.489E-04,   1.98924, 377.17188
  26300,2020-11-06T13:39:08.864+01:00,   0.479E-04,   1.99436, 378.78125
  26400,2020-11-06T13:39:09.218+01:00,   0.527E-04,   1.99962, 380.14062
  26500,2020-11-06T13:39:09.652+01:00,   0.447E-04,   2.00465, 381.78125
  26600,2020-11-06T13:39:10.077+01:00,   0.573E-04,   2.00950, 383.39062
  26700,2020-11-06T13:39:10.485+01:00,   0.509E-04,   2.01446, 384.95312
  26800,2020-11-06T13:39:10.920+01:00,   0.516E-04,   2.01938, 386.68750
  26900,2020-11-06T13:39:11.294+01:00,   0.502E-04,   2.02443, 388.18750
  27000,2020-11-06T13:39:11.654+01:00,   0.431E-04,   2.02923, 389.50000
  27100,2020-11-06T13:39:12.013+01:00,   0.574E-04,   2.03448, 390.84375
  27200,2020-11-06T13:39:12.403+01:00,   0.488E-04,   2.03940, 392.39062
  27300,2020-11-06T13:39:12.784+01:00,   0.527E-04,   2.04460, 393.95312
  27400,2020-11-06T13:39:13.141+01:00,   0.507E-04,   2.05000, 395.32812
  27500,2020-11-06T13:39:13.506+01:00,   0.507E-04,   2.05507, 396.82812
  27600,2020-11-06T13:39:13.858+01:00,   0.480E-04,   2.06041, 398.12500
  27700,2020-11-06T13:39:14.229+01:00,   0.540E-04,   2.06552, 399.56250
  27800,2020-11-06T13:39:14.635+01:00,   0.412E-04,   2.07084, 401.18750
  27900,2020-11-06T13:39:14.980+01:00,   0.537E-04,   2.07549, 402.56250
  28000,2020-11-06T13:39:15.345+01:00,   0.522E-04,   2.08070, 403.98438
  28100,2020-11-06T13:39:15.699+01:00,   0.554E-04,   2.08599, 405.39062
  28200,2020-11-06T13:39:16.112+01:00,   0.474E-04,   2.09118, 407.01562
  28300,2020-11-06T13:39:16.513+01:00,   0.551E-04,   2.09642, 408.64062
  28400,2020-11-06T13:39:16.900+01:00,   0.491E-04,   2.10173, 410.20312
  28500,2020-11-06T13:39:17.317+01:00,   0.467E-04,   2.10679, 411.79688
  28600,2020-11-06T13:39:17.676+01:00,   0.514E-04,   2.11193, 413.21875
  28700,2020-11-06T13:39:18.033+01:00,   0.482E-04,   2.11673, 414.51562
  28800,2020-11-06T13:39:18.390+01:00,   0.463E-04,   2.12153, 415.92188
  28900,2020-11-06T13:39:18.749+01:00,   0.491E-04,   2.12634, 417.35938
  29000,2020-11-06T13:39:19.141+01:00,   0.480E-04,   2.13128, 418.89062
  29100,2020-11-06T13:39:19.481+01:00,   0.528E-04,   2.13641, 420.25000
  29200,2020-11-06T13:39:19.849+01:00,   0.509E-04,   2.14152, 421.73438
  29300,2020-11-06T13:39:20.182+01:00,   0.482E-04,   2.14628, 423.00000
  29400,2020-11-06T13:39:20.547+01:00,   0.537E-04,   2.15112, 424.25000
  29500,2020-11-06T13:39:20.958+01:00,   0.469E-04,   2.15599, 425.78125
  29600,2020-11-06T13:39:21.334+01:00,   0.516E-04,   2.16107, 427.28125
  29700,2020-11-06T13:39:21.698+01:00,   0.457E-04,   2.16601, 428.71875
  29800,2020-11-06T13:39:22.062+01:00,   0.433E-04,   2.17076, 430.06250
  29900,2020-11-06T13:39:22.450+01:00,   0.507E-04,   2.17554, 431.53125
  30000,2020-11-06T13:39:22.816+01:00,   0.494E-04,   2.18065, 433.00000
  30100,2020-11-06T13:39:23.176+01:00,   0.461E-04,   2.18547, 434.42188
  30200,2020-11-06T13:39:23.566+01:00,   0.431E-04,   2.18997, 435.98438
  30300,2020-11-06T13:39:23.914+01:00,   0.508E-04,   2.19476, 437.35938
  30400,2020-11-06T13:39:24.271+01:00,   0.521E-04,   2.19988, 438.78125
  30500,2020-11-06T13:39:24.643+01:00,   0.438E-04,   2.20478, 440.20312
  30600,2020-11-06T13:39:24.986+01:00,   0.457E-04,   2.20964, 441.57812
  30700,2020-11-06T13:39:25.338+01:00,   0.503E-04,   2.21462, 443.00000
  30800,2020-11-06T13:39:25.669+01:00,   0.503E-04,   2.21965, 444.28125
  30900,2020-11-06T13:39:26.021+01:00,   0.487E-04,   2.22455, 445.70312
  31000,2020-11-06T13:39:26.379+01:00,   0.480E-04,   2.22944, 447.14062
  31100,2020-11-06T13:39:26.715+01:00,   0.528E-04,   2.23435, 448.45312
  31200,2020-11-06T13:39:27.084+01:00,   0.540E-04,   2.23936, 449.89062
  31300,2020-11-06T13:39:27.453+01:00,   0.501E-04,   2.24415, 451.32812
  31400,2020-11-06T13:39:27.825+01:00,   0.541E-04,   2.24923, 452.82812
  31500,2020-11-06T13:39:28.179+01:00,   0.471E-04,   2.25402, 454.26562
  31600,2020-11-06T13:39:28.550+01:00,   0.518E-04,   2.25920, 455.64062
  31700,2020-11-06T13:39:28.953+01:00,   0.474E-04,   2.26385, 457.20312
  31800,2020-11-06T13:39:29.309+01:00,   0.459E-04,   2.26869, 458.60938
  31900,2020-11-06T13:39:29.682+01:00,   0.484E-04,   2.27359, 460.10938
  32000,2020-11-06T13:39:30.074+01:00,   0.513E-04,   2.27851, 461.67188
  32100,2020-11-06T13:39:30.434+01:00,   0.480E-04,   2.28305, 463.03125
  32200,2020-11-06T13:39:30.834+01:00,   0.462E-04,   2.28798, 464.60938
  32300,2020-11-06T13:39:31.211+01:00,   0.496E-04,   2.29267, 466.06250
  32400,2020-11-06T13:39:31.624+01:00,   0.473E-04,   2.29734, 467.64062
  32500,2020-11-06T13:39:31.991+01:00,   0.502E-04,   2.30223, 469.12500
  32600,2020-11-06T13:39:32.351+01:00,   0.502E-04,   2.30725, 470.51562
  32700,2020-11-06T13:39:32.681+01:00,   0.440E-04,   2.31210, 471.81250
  32800,2020-11-06T13:39:33.022+01:00,   0.438E-04,   2.31669, 473.17188
  32900,2020-11-06T13:39:33.385+01:00,   0.475E-04,   2.32125, 474.59375
  33000,2020-11-06T13:39:33.740+01:00,   0.439E-04,   2.32580, 476.03125
  33100,2020-11-06T13:39:34.133+01:00,   0.442E-04,   2.33054, 477.59375
  33200,2020-11-06T13:39:34.493+01:00,   0.421E-04,   2.33532, 478.81250
  33300,2020-11-06T13:39:34.846+01:00,   0.436E-04,   2.33999, 480.18750
  33400,2020-11-06T13:39:35.222+01:00,   0.413E-04,   2.34469, 481.75000
  33500,2020-11-06T13:39:35.604+01:00,   0.366E-04,   2.34932, 483.25000
  33600,2020-11-06T13:39:35.987+01:00,   0.467E-04,   2.35397, 484.75000
  33700,2020-11-06T13:39:36.413+01:00,   0.462E-04,   2.35895, 486.43750
  33800,2020-11-06T13:39:36.780+01:00,   0.423E-04,   2.36375, 487.85938
  33900,2020-11-06T13:39:37.151+01:00,   0.512E-04,   2.36884, 489.31250
  34000,2020-11-06T13:39:37.538+01:00,   0.492E-04,   2.37374, 490.78125
  34100,2020-11-06T13:39:37.918+01:00,   0.513E-04,   2.37853, 492.28125
  34200,2020-11-06T13:39:38.264+01:00,   0.443E-04,   2.38329, 493.65625
  34300,2020-11-06T13:39:38.671+01:00,   0.428E-04,   2.38808, 495.18750
  34400,2020-11-06T13:39:39.059+01:00,   0.446E-04,   2.39265, 496.75000
  34500,2020-11-06T13:39:39.375+01:00,   0.472E-04,   2.39721, 497.98438
  34600,2020-11-06T13:39:39.738+01:00,   0.406E-04,   2.40174, 499.43750
  34700,2020-11-06T13:39:40.088+01:00,   0.474E-04,   2.40642, 500.81250
  34800,2020-11-06T13:39:40.443+01:00,   0.451E-04,   2.41094, 502.25000
  34900,2020-11-06T13:39:40.800+01:00,   0.491E-04,   2.41559, 503.53125
  35000,2020-11-06T13:39:41.165+01:00,   0.442E-04,   2.42043, 504.96875
  35100,2020-11-06T13:39:41.504+01:00,   0.465E-04,   2.42485, 506.34375
  35200,2020-11-06T13:39:41.903+01:00,   0.491E-04,   2.42935, 507.90625
  35300,2020-11-06T13:39:42.271+01:00,   0.475E-04,   2.43393, 509.40625
  35400,2020-11-06T13:39:42.616+01:00,   0.468E-04,   2.43841, 510.71875
  35500,2020-11-06T13:39:42.961+01:00,   0.507E-04,   2.44307, 512.09375
  35600,2020-11-06T13:39:43.303+01:00,   0.446E-04,   2.44759, 513.46875
  35700,2020-11-06T13:39:43.652+01:00,   0.422E-04,   2.45220, 514.84375
  35800,2020-11-06T13:39:44.007+01:00,   0.458E-04,   2.45679, 516.21875
  35900,2020-11-06T13:39:44.336+01:00,   0.436E-04,   2.46116, 517.53125
  36000,2020-11-06T13:39:44.690+01:00,   0.471E-04,   2.46581, 518.90625
  36100,2020-11-06T13:39:45.019+01:00,   0.495E-04,   2.47030, 520.28125
  36200,2020-11-06T13:39:45.375+01:00,   0.472E-04,   2.47485, 521.62500
  36300,2020-11-06T13:39:45.774+01:00,   0.497E-04,   2.47980, 523.17188
  36400,2020-11-06T13:39:46.171+01:00,   0.471E-04,   2.48446, 524.73438
  36500,2020-11-06T13:39:46.586+01:00,   0.450E-04,   2.48916, 526.37500
  36600,2020-11-06T13:39:46.956+01:00,   0.489E-04,   2.49400, 527.81250
  36700,2020-11-06T13:39:47.317+01:00,   0.433E-04,   2.49856, 529.31250
  36800,2020-11-06T13:39:47.677+01:00,   0.467E-04,   2.50311, 530.75000
  36900,2020-11-06T13:39:48.054+01:00,   0.495E-04,   2.50775, 532.15625
  37000,2020-11-06T13:39:48.420+01:00,   0.483E-04,   2.51255, 533.54688
  37100,2020-11-06T13:39:48.765+01:00,   0.453E-04,   2.51735, 534.92188
  37200,2020-11-06T13:39:49.143+01:00,   0.487E-04,   2.52201, 536.37500
  37300,2020-11-06T13:39:49.532+01:00,   0.503E-04,   2.52692, 537.89062
  37400,2020-11-06T13:39:49.887+01:00,   0.431E-04,   2.53141, 539.26562
  37500,2020-11-06T13:39:50.221+01:00,   0.397E-04,   2.53617, 540.50000
  37600,2020-11-06T13:39:50.571+01:00,   0.405E-04,   2.54080, 541.93750
  37700,2020-11-06T13:39:50.899+01:00,   0.386E-04,   2.54505, 543.18750
  37800,2020-11-06T13:39:51.249+01:00,   0.396E-04,   2.54938, 544.51562
  37900,2020-11-06T13:39:51.624+01:00,   0.383E-04,   2.55373, 546.00000
  38000,2020-11-06T13:39:51.988+01:00,   0.457E-04,   2.55826, 547.50000
  38100,2020-11-06T13:39:52.328+01:00,   0.427E-04,   2.56267, 548.81250
  38200,2020-11-06T13:39:52.671+01:00,   0.517E-04,   2.56738, 550.18750
  38300,2020-11-06T13:39:53.060+01:00,   0.498E-04,   2.57198, 551.75000
  38400,2020-11-06T13:39:53.423+01:00,   0.463E-04,   2.57649, 553.17188
  38500,2020-11-06T13:39:53.758+01:00,   0.406E-04,   2.58099, 554.51562
  38600,2020-11-06T13:39:54.119+01:00,   0.385E-04,   2.58558, 555.95312
  38700,2020-11-06T13:39:54.481+01:00,   0.431E-04,   2.58986, 557.39062
  38800,2020-11-06T13:39:54.828+01:00,   0.455E-04,   2.59427, 558.75000
  38900,2020-11-06T13:39:55.207+01:00,   0.425E-04,   2.59889, 560.29688
  39000,2020-11-06T13:39:55.562+01:00,   0.471E-04,   2.60317, 561.64062
  39100,2020-11-06T13:39:55.928+01:00,   0.402E-04,   2.60804, 563.12500
  39200,2020-11-06T13:39:56.284+01:00,   0.423E-04,   2.61237, 564.56250
  39300,2020-11-06T13:39:56.631+01:00,   0.457E-04,   2.61682, 565.93750
  39400,2020-11-06T13:39:56.996+01:00,   0.437E-04,   2.62126, 567.31250
  39500,2020-11-06T13:39:57.365+01:00,   0.417E-04,   2.62583, 568.81250
  39600,2020-11-06T13:39:57.805+01:00,   0.498E-04,   2.63038, 570.48438
  39700,2020-11-06T13:39:58.374+01:00,   0.478E-04,   2.63516, 572.68750
  39800,2020-11-06T13:39:58.965+01:00,   0.420E-04,   2.63974, 574.53125
  39900,2020-11-06T13:39:59.361+01:00,   0.445E-04,   2.64412, 575.92188
  40000,2020-11-06T13:39:59.748+01:00,   0.473E-04,   2.64856, 577.46875
  40100,2020-11-06T13:40:00.165+01:00,   0.410E-04,   2.65310, 579.15625
  40200,2020-11-06T13:40:00.561+01:00,   0.463E-04,   2.65752, 580.64062
  40300,2020-11-06T13:40:00.915+01:00,   0.486E-04,   2.66221, 582.04688
  40400,2020-11-06T13:40:01.341+01:00,   0.486E-04,   2.66707, 583.64062
  40500,2020-11-06T13:40:01.727+01:00,   0.464E-04,   2.67149, 585.20312
  40600,2020-11-06T13:40:02.119+01:00,   0.415E-04,   2.67608, 586.73438
  40700,2020-11-06T13:40:02.516+01:00,   0.422E-04,   2.68070, 588.29688
  40800,2020-11-06T13:40:02.919+01:00,   0.486E-04,   2.68532, 589.71875
  40900,2020-11-06T13:40:03.317+01:00,   0.468E-04,   2.68979, 591.34375
  41000,2020-11-06T13:40:03.668+01:00,   0.487E-04,   2.69433, 592.67188
  41100,2020-11-06T13:40:04.214+01:00,   0.419E-04,   2.69901, 594.67188
  41200,2020-11-06T13:40:04.720+01:00,   0.396E-04,   2.70319, 596.42188
  41300,2020-11-06T13:40:05.163+01:00,   0.455E-04,   2.70749, 598.07812
  41400,2020-11-06T13:40:05.521+01:00,   0.440E-04,   2.71181, 599.51562
  41500,2020-11-06T13:40:05.844+01:00,   0.426E-04,   2.71626, 600.76562
  41600,2020-11-06T13:40:06.216+01:00,   0.369E-04,   2.72048, 602.25000
  41700,2020-11-06T13:40:06.564+01:00,   0.447E-04,   2.72494, 603.57812
  41800,2020-11-06T13:40:06.933+01:00,   0.432E-04,   2.72943, 605.07812
  41900,2020-11-06T13:40:07.288+01:00,   0.464E-04,   2.73373, 606.50000
  42000,2020-11-06T13:40:07.661+01:00,   0.503E-04,   2.73828, 608.00000
  42100,2020-11-06T13:40:08.055+01:00,   0.467E-04,   2.74281, 609.54688
  42200,2020-11-06T13:40:08.387+01:00,   0.447E-04,   2.74723, 610.78125
  42300,2020-11-06T13:40:08.721+01:00,   0.350E-04,   2.75163, 612.04688
  42400,2020-11-06T13:40:09.063+01:00,   0.401E-04,   2.75598, 613.39062
  42500,2020-11-06T13:40:09.421+01:00,   0.513E-04,   2.76028, 614.82812
  42600,2020-11-06T13:40:09.796+01:00,   0.480E-04,   2.76469, 616.28125
  42700,2020-11-06T13:40:10.184+01:00,   0.467E-04,   2.76923, 617.75000
  42800,2020-11-06T13:40:10.524+01:00,   0.443E-04,   2.77363, 619.12500
  42900,2020-11-06T13:40:10.902+01:00,   0.410E-04,   2.77800, 620.62500
  43000,2020-11-06T13:40:11.263+01:00,   0.432E-04,   2.78236, 622.06250
  43100,2020-11-06T13:40:11.633+01:00,   0.475E-04,   2.78696, 623.53125
  43200,2020-11-06T13:40:11.953+01:00,   0.484E-04,   2.79127, 624.78125
  43300,2020-11-06T13:40:12.333+01:00,   0.443E-04,   2.79562, 626.34375
  43400,2020-11-06T13:40:12.660+01:00,   0.424E-04,   2.79985, 627.65625
  43500,2020-11-06T13:40:12.988+01:00,   0.416E-04,   2.80440, 628.89062
  43600,2020-11-06T13:40:13.379+01:00,   0.504E-04,   2.80904, 630.43750
  43700,2020-11-06T13:40:13.708+01:00,   0.438E-04,   2.81343, 631.75000
  43800,2020-11-06T13:40:14.070+01:00,   0.471E-04,   2.81760, 633.17188
  43900,2020-11-06T13:40:14.413+01:00,   0.407E-04,   2.82198, 634.53125
  44000,2020-11-06T13:40:14.815+01:00,   0.441E-04,   2.82634, 636.06250
  44100,2020-11-06T13:40:15.222+01:00,   0.464E-04,   2.83100, 637.75000
  44200,2020-11-06T13:40:15.574+01:00,   0.456E-04,   2.83552, 639.12500
  44300,2020-11-06T13:40:15.931+01:00,   0.388E-04,   2.83990, 640.48438
  44400,2020-11-06T13:40:16.264+01:00,   0.411E-04,   2.84411, 641.78125
  44500,2020-11-06T13:40:16.627+01:00,   0.412E-04,   2.84839, 643.21875
  44600,2020-11-06T13:40:16.991+01:00,   0.453E-04,   2.85261, 644.68750
  44700,2020-11-06T13:40:17.325+01:00,   0.438E-04,   2.85690, 645.96875
  44800,2020-11-06T13:40:17.677+01:00,   0.425E-04,   2.86120, 647.40625
  44900,2020-11-06T13:40:18.054+01:00,   0.447E-04,   2.86564, 648.90625
  45000,2020-11-06T13:40:18.437+01:00,   0.432E-04,   2.86995, 650.39062
  45100,2020-11-06T13:40:18.762+01:00,   0.424E-04,   2.87417, 651.68750
  45200,2020-11-06T13:40:19.106+01:00,   0.405E-04,   2.87862, 653.06250
  45300,2020-11-06T13:40:19.470+01:00,   0.440E-04,   2.88264, 654.50000
  45400,2020-11-06T13:40:19.803+01:00,   0.416E-04,   2.88669, 655.85938
  45500,2020-11-06T13:40:20.182+01:00,   0.403E-04,   2.89084, 657.34375
  45600,2020-11-06T13:40:20.586+01:00,   0.391E-04,   2.89492, 658.96875
  45700,2020-11-06T13:40:20.963+01:00,   0.419E-04,   2.89932, 660.43750
  45800,2020-11-06T13:40:21.343+01:00,   0.316E-04,   2.90310, 661.87500
  45900,2020-11-06T13:40:21.716+01:00,   0.438E-04,   2.90708, 663.37500
  46000,2020-11-06T13:40:22.105+01:00,   0.421E-04,   2.91113, 664.89062
  46100,2020-11-06T13:40:22.463+01:00,   0.436E-04,   2.91529, 666.26562
  46200,2020-11-06T13:40:22.811+01:00,   0.419E-04,   2.91933, 667.57812
  46300,2020-11-06T13:40:23.162+01:00,   0.441E-04,   2.92354, 669.01562
  46400,2020-11-06T13:40:23.519+01:00,   0.365E-04,   2.92748, 670.45312
  46500,2020-11-06T13:40:23.875+01:00,   0.452E-04,   2.93157, 671.82812
  46600,2020-11-06T13:40:24.230+01:00,   0.426E-04,   2.93591, 673.25000
  46700,2020-11-06T13:40:24.577+01:00,   0.449E-04,   2.94026, 674.59375
  46800,2020-11-06T13:40:24.928+01:00,   0.441E-04,   2.94459, 676.03125
  46900,2020-11-06T13:40:25.278+01:00,   0.436E-04,   2.94882, 677.39062
  47000,2020-11-06T13:40:25.614+01:00,   0.426E-04,   2.95311, 678.75000
  47100,2020-11-06T13:40:25.958+01:00,   0.407E-04,   2.95736, 680.12500
  47200,2020-11-06T13:40:26.316+01:00,   0.435E-04,   2.96146, 681.56250
  47300,2020-11-06T13:40:26.662+01:00,   0.415E-04,   2.96580, 682.92188
  47400,2020-11-06T13:40:26.985+01:00,   0.435E-04,   2.97010, 684.17188
  47500,2020-11-06T13:40:27.370+01:00,   0.457E-04,   2.97445, 685.73438
  47600,2020-11-06T13:40:27.715+01:00,   0.438E-04,   2.97873, 687.09375
  47700,2020-11-06T13:40:28.079+01:00,   0.427E-04,   2.98311, 688.46875
  47800,2020-11-06T13:40:28.445+01:00,   0.452E-04,   2.98715, 689.93750
  47900,2020-11-06T13:40:28.834+01:00,   0.437E-04,   2.99146, 691.46875
  48000,2020-11-06T13:40:29.181+01:00,   0.414E-04,   2.99555, 692.84375
  48100,2020-11-06T13:40:29.525+01:00,   0.428E-04,   2.99961, 694.20312
  48200,2020-11-06T13:40:29.894+01:00,   0.361E-04,   3.00335, 695.60938
  48300,2020-11-06T13:40:30.284+01:00,   0.379E-04,   3.00746, 697.09375
  48400,2020-11-06T13:40:30.613+01:00,   0.444E-04,   3.01169, 698.46875
  48500,2020-11-06T13:40:30.941+01:00,   0.390E-04,   3.01543, 699.78125
  48600,2020-11-06T13:40:31.287+01:00,   0.453E-04,   3.01978, 701.15625
  48700,2020-11-06T13:40:31.657+01:00,   0.426E-04,   3.02390, 702.54688
  48800,2020-11-06T13:40:32.006+01:00,   0.461E-04,   3.02799, 703.98438
  48900,2020-11-06T13:40:32.381+01:00,   0.432E-04,   3.03220, 705.48438
  49000,2020-11-06T13:40:32.746+01:00,   0.387E-04,   3.03620, 706.85938
  49100,2020-11-06T13:40:33.100+01:00,   0.416E-04,   3.04025, 708.20312
  49200,2020-11-06T13:40:33.441+01:00,   0.349E-04,   3.04427, 709.56250
  49300,2020-11-06T13:40:33.814+01:00,   0.402E-04,   3.04819, 711.00000
  49400,2020-11-06T13:40:34.184+01:00,   0.395E-04,   3.05242, 712.50000
  49500,2020-11-06T13:40:34.555+01:00,   0.407E-04,   3.05682, 713.95312
  49600,2020-11-06T13:40:34.916+01:00,   0.436E-04,   3.06109, 715.31250
  49700,2020-11-06T13:40:35.258+01:00,   0.422E-04,   3.06543, 716.64062
  49800,2020-11-06T13:40:35.594+01:00,   0.390E-04,   3.06953, 717.95312
  49900,2020-11-06T13:40:35.964+01:00,   0.429E-04,   3.07344, 719.40625
  50000,2020-11-06T13:40:36.339+01:00,   0.423E-04,   3.07759, 720.87500
  50100,2020-11-06T13:40:36.674+01:00,   0.411E-04,   3.08167, 722.18750
  50200,2020-11-06T13:40:37.032+01:00,   0.381E-04,   3.08581, 723.62500
  50300,2020-11-06T13:40:37.406+01:00,   0.442E-04,   3.09000, 725.12500
  50400,2020-11-06T13:40:37.751+01:00,   0.442E-04,   3.09442, 726.50000
  50500,2020-11-06T13:40:38.085+01:00,   0.405E-04,   3.09833, 727.85938
  50600,2020-11-06T13:40:38.426+01:00,   0.397E-04,   3.10249, 729.21875
  50700,2020-11-06T13:40:38.776+01:00,   0.376E-04,   3.10631, 730.53125
  50800,2020-11-06T13:40:39.113+01:00,   0.443E-04,   3.11051, 731.84375
  50900,2020-11-06T13:40:39.504+01:00,   0.433E-04,   3.11464, 733.37500
  51000,2020-11-06T13:40:39.900+01:00,   0.387E-04,   3.11895, 734.90625
  51100,2020-11-06T13:40:40.318+01:00,   0.372E-04,   3.12283, 736.43750
  51200,2020-11-06T13:40:40.790+01:00,   0.410E-04,   3.12688, 738.09375
  51300,2020-11-06T13:40:41.184+01:00,   0.423E-04,   3.13081, 739.64062
  51400,2020-11-06T13:40:41.601+01:00,   0.416E-04,   3.13500, 741.32812
  51500,2020-11-06T13:40:42.034+01:00,   0.406E-04,   3.13915, 742.92188
  51600,2020-11-06T13:40:42.422+01:00,   0.386E-04,   3.14314, 744.40625
  51700,2020-11-06T13:40:42.765+01:00,   0.413E-04,   3.14705, 745.78125
  51800,2020-11-06T13:40:43.158+01:00,   0.442E-04,   3.15108, 747.32812
  51900,2020-11-06T13:40:43.480+01:00,   0.399E-04,   3.15496, 748.64062
  52000,2020-11-06T13:40:43.820+01:00,   0.383E-04,   3.15906, 749.93750
  52100,2020-11-06T13:40:44.176+01:00,   0.432E-04,   3.16291, 751.35938
  52200,2020-11-06T13:40:44.523+01:00,   0.367E-04,   3.16697, 752.73438
  52300,2020-11-06T13:40:44.895+01:00,   0.422E-04,   3.17085, 754.23438
  52400,2020-11-06T13:40:45.230+01:00,   0.404E-04,   3.17488, 755.54688
  52500,2020-11-06T13:40:45.766+01:00,   0.431E-04,   3.17882, 757.45312
  52600,2020-11-06T13:40:46.331+01:00,   0.417E-04,   3.18295, 759.65625
  52700,2020-11-06T13:40:46.810+01:00,   0.398E-04,   3.18712, 761.39062
  52800,2020-11-06T13:40:47.177+01:00,   0.343E-04,   3.19083, 762.84375
  52900,2020-11-06T13:40:47.563+01:00,   0.407E-04,   3.19479, 764.34375
  53000,2020-11-06T13:40:48.014+01:00,   0.460E-04,   3.19866, 766.09375
  53100,2020-11-06T13:40:48.576+01:00,   0.406E-04,   3.20281, 768.17188
  53200,2020-11-06T13:40:48.970+01:00,   0.427E-04,   3.20665, 769.64062
  53300,2020-11-06T13:40:49.422+01:00,   0.420E-04,   3.21064, 771.40625
  53400,2020-11-06T13:40:50.003+01:00,   0.395E-04,   3.21454, 773.45312
  53500,2020-11-06T13:40:50.419+01:00,   0.448E-04,   3.21849, 774.98438
  53600,2020-11-06T13:40:50.784+01:00,   0.395E-04,   3.22250, 776.40625
  53700,2020-11-06T13:40:51.148+01:00,   0.365E-04,   3.22642, 777.90625
  53800,2020-11-06T13:40:51.530+01:00,   0.378E-04,   3.23036, 779.34375
  53900,2020-11-06T13:40:51.889+01:00,   0.343E-04,   3.23419, 780.75000
  54000,2020-11-06T13:40:52.259+01:00,   0.348E-04,   3.23801, 782.20312
  54100,2020-11-06T13:40:52.749+01:00,   0.369E-04,   3.24201, 784.07812
  54200,2020-11-06T13:40:53.316+01:00,   0.381E-04,   3.24570, 786.21875
  54300,2020-11-06T13:40:53.685+01:00,   0.414E-04,   3.24936, 787.65625
  54400,2020-11-06T13:40:54.068+01:00,   0.404E-04,   3.25322, 789.15625
  54500,2020-11-06T13:40:54.441+01:00,   0.397E-04,   3.25712, 790.65625
  54600,2020-11-06T13:40:54.811+01:00,   0.305E-04,   3.26085, 792.06250
  54700,2020-11-06T13:40:55.183+01:00,   0.417E-04,   3.26457, 793.50000
  54800,2020-11-06T13:40:55.552+01:00,   0.433E-04,   3.26853, 794.93750
  54900,2020-11-06T13:40:56.070+01:00,   0.426E-04,   3.27255, 796.93750
  55000,2020-11-06T13:40:56.524+01:00,   0.449E-04,   3.27645, 798.70312
  55100,2020-11-06T13:40:56.908+01:00,   0.393E-04,   3.28066, 800.20312
  55200,2020-11-06T13:40:57.292+01:00,   0.432E-04,   3.28488, 801.67188
  55300,2020-11-06T13:40:57.769+01:00,   0.411E-04,   3.28905, 803.46875
  55400,2020-11-06T13:40:58.261+01:00,   0.411E-04,   3.29316, 805.35938
  55500,2020-11-06T13:40:58.672+01:00,   0.404E-04,   3.29721, 806.96875
  55600,2020-11-06T13:40:59.137+01:00,   0.354E-04,   3.30122, 808.75000
  55700,2020-11-06T13:40:59.739+01:00,   0.424E-04,   3.30519, 810.82812
  55800,2020-11-06T13:41:00.198+01:00,   0.398E-04,   3.30918, 812.53125
  55900,2020-11-06T13:41:00.602+01:00,   0.371E-04,   3.31318, 814.10938
  56000,2020-11-06T13:41:00.979+01:00,   0.401E-04,   3.31706, 815.60938
  56100,2020-11-06T13:41:01.400+01:00,   0.307E-04,   3.32097, 817.25000
  56200,2020-11-06T13:41:01.793+01:00,   0.402E-04,   3.32469, 818.81250
  56300,2020-11-06T13:41:02.185+01:00,   0.422E-04,   3.32859, 820.35938
  56400,2020-11-06T13:41:02.574+01:00,   0.373E-04,   3.33262, 821.92188
  56500,2020-11-06T13:41:02.910+01:00,   0.363E-04,   3.33619, 823.29688
  56600,2020-11-06T13:41:03.323+01:00,   0.381E-04,   3.34002, 824.85938
  56700,2020-11-06T13:41:03.663+01:00,   0.390E-04,   3.34388, 826.21875
  56800,2020-11-06T13:41:04.004+01:00,   0.411E-04,   3.34789, 827.50000
  56900,2020-11-06T13:41:04.370+01:00,   0.392E-04,   3.35191, 828.92188
  57000,2020-11-06T13:41:04.706+01:00,   0.431E-04,   3.35584, 830.23438
  57100,2020-11-06T13:41:05.099+01:00,   0.338E-04,   3.35997, 831.75000
  57200,2020-11-06T13:41:05.467+01:00,   0.415E-04,   3.36376, 833.10938
  57300,2020-11-06T13:41:05.816+01:00,   0.403E-04,   3.36772, 834.51562
  57400,2020-11-06T13:41:06.196+01:00,   0.383E-04,   3.37175, 836.00000
  57500,2020-11-06T13:41:06.576+01:00,   0.459E-04,   3.37582, 837.39062
  57600,2020-11-06T13:41:06.963+01:00,   0.409E-04,   3.37997, 838.90625
  57700,2020-11-06T13:41:07.331+01:00,   0.409E-04,   3.38406, 840.34375
  57800,2020-11-06T13:41:07.669+01:00,   0.395E-04,   3.38820, 841.68750
  57900,2020-11-06T13:41:08.041+01:00,   0.364E-04,   3.39219, 843.17188
  58000,2020-11-06T13:41:08.374+01:00,   0.395E-04,   3.39594, 844.48438
  58100,2020-11-06T13:41:08.692+01:00,   0.413E-04,   3.39986, 845.76562
  58200,2020-11-06T13:41:09.058+01:00,   0.406E-04,   3.40385, 847.18750
  58300,2020-11-06T13:41:09.466+01:00,   0.400E-04,   3.40794, 848.75000
  58400,2020-11-06T13:41:09.821+01:00,   0.395E-04,   3.41199, 850.15625
  58500,2020-11-06T13:41:10.245+01:00,   0.410E-04,   3.41603, 851.81250
  58600,2020-11-06T13:41:10.587+01:00,   0.389E-04,   3.41967, 853.14062
  58700,2020-11-06T13:41:10.998+01:00,   0.339E-04,   3.42348, 854.73438
  58800,2020-11-06T13:41:11.358+01:00,   0.367E-04,   3.42714, 856.17188
  58900,2020-11-06T13:41:11.730+01:00,   0.362E-04,   3.43082, 857.67188
  59000,2020-11-06T13:41:12.108+01:00,   0.349E-04,   3.43457, 859.15625
  59100,2020-11-06T13:41:12.462+01:00,   0.389E-04,   3.43833, 860.48438
  59200,2020-11-06T13:41:12.809+01:00,   0.302E-04,   3.44194, 861.79688
  59300,2020-11-06T13:41:13.151+01:00,   0.361E-04,   3.44591, 863.12500
  59400,2020-11-06T13:41:13.542+01:00,   0.342E-04,   3.44952, 864.68750
  59500,2020-11-06T13:41:13.895+01:00,   0.392E-04,   3.45300, 866.07812
  59600,2020-11-06T13:41:14.252+01:00,   0.382E-04,   3.45668, 867.40625
  59700,2020-11-06T13:41:14.616+01:00,   0.378E-04,   3.46052, 868.85938
  59800,2020-11-06T13:41:14.937+01:00,   0.364E-04,   3.46448, 870.10938
  59900,2020-11-06T13:41:15.278+01:00,   0.377E-04,   3.46826, 871.46875
  60000,2020-11-06T13:41:15.628+01:00,   0.404E-04,   3.47213, 872.89062
  60100,2020-11-06T13:41:15.999+01:00,   0.381E-04,   3.47603, 874.32812
  60200,2020-11-06T13:41:16.339+01:00,   0.366E-04,   3.47981, 875.67188
  60300,2020-11-06T13:41:16.686+01:00,   0.374E-04,   3.48338, 877.03125
  60400,2020-11-06T13:41:17.059+01:00,   0.368E-04,   3.48704, 878.53125
  60500,2020-11-06T13:41:17.439+01:00,   0.385E-04,   3.49061, 880.03125
  60600,2020-11-06T13:41:17.782+01:00,   0.365E-04,   3.49451, 881.40625
  60700,2020-11-06T13:41:18.133+01:00,   0.442E-04,   3.49867, 882.81250
  60800,2020-11-06T13:41:18.513+01:00,   0.396E-04,   3.50276, 884.28125
  60900,2020-11-06T13:41:19.018+01:00,   0.378E-04,   3.50675, 886.17188
  61000,2020-11-06T13:41:19.525+01:00,   0.394E-04,   3.51037, 888.07812
  61100,2020-11-06T13:41:20.054+01:00,   0.377E-04,   3.51430, 890.01562
  61200,2020-11-06T13:41:20.463+01:00,   0.404E-04,   3.51830, 891.64062
  61300,2020-11-06T13:41:20.827+01:00,   0.366E-04,   3.52201, 893.00000
  61400,2020-11-06T13:41:21.183+01:00,   0.363E-04,   3.52583, 894.42188
  61500,2020-11-06T13:41:21.571+01:00,   0.416E-04,   3.52952, 895.92188
  61600,2020-11-06T13:41:21.922+01:00,   0.410E-04,   3.53349, 897.29688
  61700,2020-11-06T13:41:22.271+01:00,   0.382E-04,   3.53736, 898.73438
  61800,2020-11-06T13:41:22.641+01:00,   0.370E-04,   3.54128, 900.09375
  61900,2020-11-06T13:41:23.172+01:00,   0.364E-04,   3.54499, 902.03125
  62000,2020-11-06T13:41:23.665+01:00,   0.407E-04,   3.54864, 903.93750
  62100,2020-11-06T13:41:24.085+01:00,   0.396E-04,   3.55259, 905.62500
  62200,2020-11-06T13:41:24.498+01:00,   0.370E-04,   3.55635, 907.14062
  62300,2020-11-06T13:41:24.939+01:00,   0.393E-04,   3.56023, 908.78125
  62400,2020-11-06T13:41:25.330+01:00,   0.402E-04,   3.56399, 910.28125
  62500,2020-11-06T13:41:25.748+01:00,   0.383E-04,   3.56780, 911.93750
  62600,2020-11-06T13:41:26.121+01:00,   0.413E-04,   3.57189, 913.42188
  62700,2020-11-06T13:41:26.502+01:00,   0.391E-04,   3.57576, 914.87500
  62800,2020-11-06T13:41:26.893+01:00,   0.379E-04,   3.57950, 916.42188
  62900,2020-11-06T13:41:27.284+01:00,   0.358E-04,   3.58328, 917.96875
  63000,2020-11-06T13:41:27.661+01:00,   0.378E-04,   3.58698, 919.50000
  63100,2020-11-06T13:41:28.026+01:00,   0.408E-04,   3.59079, 920.87500
  63200,2020-11-06T13:41:28.416+01:00,   0.398E-04,   3.59470, 922.43750
  63300,2020-11-06T13:41:28.805+01:00,   0.380E-04,   3.59832, 924.00000
  63400,2020-11-06T13:41:29.185+01:00,   0.363E-04,   3.60185, 925.50000
  63500,2020-11-06T13:41:29.552+01:00,   0.388E-04,   3.60557, 926.98438
  63600,2020-11-06T13:41:29.914+01:00,   0.373E-04,   3.60936, 928.35938
  63700,2020-11-06T13:41:30.299+01:00,   0.366E-04,   3.61310, 929.81250
  63800,2020-11-06T13:41:30.678+01:00,   0.391E-04,   3.61696, 931.35938
  63900,2020-11-06T13:41:31.114+01:00,   0.369E-04,   3.62052, 932.95312
  64000,2020-11-06T13:41:31.520+01:00,   0.380E-04,   3.62424, 934.46875
  64100,2020-11-06T13:41:31.880+01:00,   0.359E-04,   3.62808, 935.90625
  64200,2020-11-06T13:41:32.281+01:00,   0.388E-04,   3.63205, 937.42188
  64300,2020-11-06T13:41:32.679+01:00,   0.374E-04,   3.63591, 939.00000
  64400,2020-11-06T13:41:33.017+01:00,   0.392E-04,   3.63958, 940.31250
  64500,2020-11-06T13:41:33.374+01:00,   0.385E-04,   3.64336, 941.75000
  64600,2020-11-06T13:41:33.747+01:00,   0.346E-04,   3.64703, 943.25000
  64700,2020-11-06T13:41:34.119+01:00,   0.366E-04,   3.65072, 944.75000
  64800,2020-11-06T13:41:34.499+01:00,   0.311E-04,   3.65442, 946.25000
  64900,2020-11-06T13:41:34.875+01:00,   0.323E-04,   3.65810, 947.62500
  65000,2020-11-06T13:41:35.278+01:00,   0.384E-04,   3.66178, 949.17188
  65100,2020-11-06T13:41:35.764+01:00,   0.380E-04,   3.66563, 951.04688
  65200,2020-11-06T13:41:36.413+01:00,   0.380E-04,   3.66943, 953.46875
  65300,2020-11-06T13:41:36.907+01:00,   0.413E-04,   3.67330, 955.31250
  65400,2020-11-06T13:41:37.474+01:00,   0.364E-04,   3.67716, 957.42188
  65500,2020-11-06T13:41:37.848+01:00,   0.413E-04,   3.68092, 958.90625
  65600,2020-11-06T13:41:38.448+01:00,   0.361E-04,   3.68446, 961.12500
  65700,2020-11-06T13:41:39.034+01:00,   0.391E-04,   3.68831, 963.37500
  65800,2020-11-06T13:41:39.554+01:00,   0.329E-04,   3.69179, 965.29688
  65900,2020-11-06T13:41:40.119+01:00,   0.398E-04,   3.69543, 967.40625
  66000,2020-11-06T13:41:40.570+01:00,   0.353E-04,   3.69921, 969.14062
  66100,2020-11-06T13:41:40.931+01:00,   0.353E-04,   3.70274, 970.57812
  66200,2020-11-06T13:41:41.446+01:00,   0.369E-04,   3.70626, 972.46875
  66300,2020-11-06T13:41:41.869+01:00,   0.374E-04,   3.70960, 974.10938
  66400,2020-11-06T13:41:42.272+01:00,   0.356E-04,   3.71331, 975.73438
  66500,2020-11-06T13:41:42.647+01:00,   0.327E-04,   3.71668, 977.20312
  66600,2020-11-06T13:41:43.078+01:00,   0.336E-04,   3.72040, 978.79688
  66700,2020-11-06T13:41:43.425+01:00,   0.401E-04,   3.72430, 980.17188
  66800,2020-11-06T13:41:43.829+01:00,   0.383E-04,   3.72798, 981.65625
  66900,2020-11-06T13:41:44.205+01:00,   0.378E-04,   3.73164, 983.07812
  67000,2020-11-06T13:41:44.593+01:00,   0.393E-04,   3.73537, 984.64062
  67100,2020-11-06T13:41:44.975+01:00,   0.372E-04,   3.73899, 986.20312
  67200,2020-11-06T13:41:45.285+01:00,   0.410E-04,   3.74298, 987.42188
  67300,2020-11-06T13:41:45.645+01:00,   0.368E-04,   3.74671, 988.78125
  67400,2020-11-06T13:41:45.984+01:00,   0.404E-04,   3.75061, 990.07812
  67500,2020-11-06T13:41:46.383+01:00,   0.347E-04,   3.75391, 991.65625
  67600,2020-11-06T13:41:46.707+01:00,   0.372E-04,   3.75751, 992.89062
  67700,2020-11-06T13:41:47.078+01:00,   0.364E-04,   3.76107, 994.28125
  67800,2020-11-06T13:41:47.446+01:00,   0.379E-04,   3.76470, 995.78125
  67900,2020-11-06T13:41:47.812+01:00,   0.363E-04,   3.76835, 997.21875
  68000,2020-11-06T13:41:48.160+01:00,   0.310E-04,   3.77167, 998.60938
  68100,2020-11-06T13:41:48.510+01:00,   0.392E-04,   3.77533, 999.98438
  68200,2020-11-06T13:41:48.927+01:00,   0.313E-04,   3.77846,1001.67188
  68300,2020-11-06T13:41:49.366+01:00,   0.369E-04,   3.78195,1003.40625
  68400,2020-11-06T13:41:49.816+01:00,   0.436E-04,   3.78571,1005.09375
  68500,2020-11-06T13:41:50.213+01:00,   0.365E-04,   3.78938,1006.60938
  68600,2020-11-06T13:41:50.601+01:00,   0.393E-04,   3.79304,1008.14062
  68700,2020-11-06T13:41:51.039+01:00,   0.367E-04,   3.79673,1009.76562
  68800,2020-11-06T13:41:51.423+01:00,   0.394E-04,   3.80047,1011.26562
  68900,2020-11-06T13:41:51.834+01:00,   0.388E-04,   3.80433,1012.78125
  69000,2020-11-06T13:41:52.230+01:00,   0.337E-04,   3.80807,1014.31250
  69100,2020-11-06T13:41:52.631+01:00,   0.354E-04,   3.81165,1015.90625
  69200,2020-11-06T13:41:53.055+01:00,   0.372E-04,   3.81522,1017.57812
  69300,2020-11-06T13:41:53.599+01:00,   0.333E-04,   3.81877,1019.57812
  69400,2020-11-06T13:41:54.363+01:00,   0.361E-04,   3.82230,1022.21875
  69500,2020-11-06T13:41:54.940+01:00,   0.376E-04,   3.82595,1024.35938
  69600,2020-11-06T13:41:55.540+01:00,   0.351E-04,   3.82959,1026.59375
  69700,2020-11-06T13:41:56.145+01:00,   0.371E-04,   3.83329,1028.89062
  69800,2020-11-06T13:41:56.736+01:00,   0.351E-04,   3.83695,1031.00000
  69900,2020-11-06T13:41:57.225+01:00,   0.362E-04,   3.84054,1032.90625
  70000,2020-11-06T13:41:57.767+01:00,   0.384E-04,   3.84407,1034.95312
  70100,2020-11-06T13:41:58.200+01:00,   0.364E-04,   3.84784,1036.60938
  70200,2020-11-06T13:41:58.690+01:00,   0.354E-04,   3.85160,1038.50000
  70300,2020-11-06T13:41:59.174+01:00,   0.355E-04,   3.85505,1040.32812
  70400,2020-11-06T13:41:59.581+01:00,   0.344E-04,   3.85891,1041.84375
  70500,2020-11-06T13:41:59.971+01:00,   0.378E-04,   3.86268,1043.26562
  70600,2020-11-06T13:42:00.352+01:00,   0.366E-04,   3.86617,1044.82812
  70700,2020-11-06T13:42:00.702+01:00,   0.390E-04,   3.86963,1046.12500
  70800,2020-11-06T13:42:01.069+01:00,   0.328E-04,   3.87299,1047.59375
  70900,2020-11-06T13:42:01.410+01:00,   0.292E-04,   3.87624,1048.95312
  71000,2020-11-06T13:42:01.789+01:00,   0.348E-04,   3.87976,1050.45312
  71100,2020-11-06T13:42:02.132+01:00,   0.372E-04,   3.88341,1051.75000
  71200,2020-11-06T13:42:02.470+01:00,   0.364E-04,   3.88710,1053.06250
  71300,2020-11-06T13:42:02.811+01:00,   0.394E-04,   3.89086,1054.42188
  71400,2020-11-06T13:42:03.186+01:00,   0.344E-04,   3.89422,1055.92188
  71500,2020-11-06T13:42:03.525+01:00,   0.358E-04,   3.89763,1057.29688
  71600,2020-11-06T13:42:03.895+01:00,   0.349E-04,   3.90138,1058.76562
  71700,2020-11-06T13:42:04.261+01:00,   0.373E-04,   3.90505,1060.06250
  71800,2020-11-06T13:42:04.609+01:00,   0.355E-04,   3.90872,1061.40625
  71900,2020-11-06T13:42:04.990+01:00,   0.297E-04,   3.91181,1062.95312
  72000,2020-11-06T13:42:05.361+01:00,   0.322E-04,   3.91509,1064.39062
  72100,2020-11-06T13:42:05.718+01:00,   0.350E-04,   3.91853,1065.82812
  72200,2020-11-06T13:42:06.094+01:00,   0.379E-04,   3.92206,1067.20312
  72300,2020-11-06T13:42:06.433+01:00,   0.370E-04,   3.92573,1068.46875
  72400,2020-11-06T13:42:06.831+01:00,   0.370E-04,   3.92943,1070.03125
  72500,2020-11-06T13:42:07.197+01:00,   0.355E-04,   3.93277,1071.48438
  72600,2020-11-06T13:42:07.581+01:00,   0.386E-04,   3.93631,1072.93750
  72700,2020-11-06T13:42:07.979+01:00,   0.376E-04,   3.94003,1074.53125
  72800,2020-11-06T13:42:08.389+01:00,   0.409E-04,   3.94377,1076.15625
  72900,2020-11-06T13:42:08.811+01:00,   0.353E-04,   3.94759,1077.79688
  73000,2020-11-06T13:42:09.222+01:00,   0.340E-04,   3.95106,1079.39062
  73100,2020-11-06T13:42:09.645+01:00,   0.356E-04,   3.95464,1081.03125
  73200,2020-11-06T13:42:10.073+01:00,   0.328E-04,   3.95815,1082.68750
  73300,2020-11-06T13:42:10.454+01:00,   0.350E-04,   3.96149,1084.10938
  73400,2020-11-06T13:42:10.810+01:00,   0.350E-04,   3.96499,1085.45312
  73500,2020-11-06T13:42:11.166+01:00,   0.330E-04,   3.96847,1086.89062
  73600,2020-11-06T13:42:11.569+01:00,   0.347E-04,   3.97187,1088.51562
  73700,2020-11-06T13:42:11.948+01:00,   0.331E-04,   3.97520,1089.96875
  73800,2020-11-06T13:42:12.344+01:00,   0.360E-04,   3.97887,1091.48438
  73900,2020-11-06T13:42:12.753+01:00,   0.332E-04,   3.98218,1093.09375
  74000,2020-11-06T13:42:13.140+01:00,   0.360E-04,   3.98566,1094.65625
  74100,2020-11-06T13:42:13.563+01:00,   0.295E-04,   3.98891,1096.34375
  74200,2020-11-06T13:42:13.972+01:00,   0.351E-04,   3.99232,1097.95312
  74300,2020-11-06T13:42:14.351+01:00,   0.339E-04,   3.99583,1099.45312
  74400,2020-11-06T13:42:14.755+01:00,   0.320E-04,   3.99927,1101.07812
  74500,2020-11-06T13:42:15.108+01:00,   0.352E-04,   4.00265,1102.39062
  74600,2020-11-06T13:42:15.456+01:00,   0.372E-04,   4.00617,1103.76562
  74700,2020-11-06T13:42:15.837+01:00,   0.389E-04,   4.00951,1105.23438
  74800,2020-11-06T13:42:16.212+01:00,   0.303E-04,   4.01311,1106.73438
  74900,2020-11-06T13:42:16.580+01:00,   0.357E-04,   4.01654,1108.17188
  75000,2020-11-06T13:42:16.940+01:00,   0.342E-04,   4.02000,1109.56250
  75100,2020-11-06T13:42:17.336+01:00,   0.297E-04,   4.02320,1111.15625
  75200,2020-11-06T13:42:17.739+01:00,   0.356E-04,   4.02666,1112.78125
  75300,2020-11-06T13:42:18.111+01:00,   0.314E-04,   4.03008,1114.21875
  75400,2020-11-06T13:42:18.486+01:00,   0.337E-04,   4.03340,1115.70312
  75500,2020-11-06T13:42:18.871+01:00,   0.360E-04,   4.03699,1117.18750
  75600,2020-11-06T13:42:19.261+01:00,   0.338E-04,   4.04056,1118.67188
  75700,2020-11-06T13:42:19.611+01:00,   0.338E-04,   4.04394,1120.04688
  75800,2020-11-06T13:42:19.969+01:00,   0.355E-04,   4.04742,1121.48438
  75900,2020-11-06T13:42:20.342+01:00,   0.345E-04,   4.05107,1122.95312
  76000,2020-11-06T13:42:20.679+01:00,   0.325E-04,   4.05465,1124.32812
  76100,2020-11-06T13:42:21.048+01:00,   0.314E-04,   4.05801,1125.76562
  76200,2020-11-06T13:42:21.427+01:00,   0.329E-04,   4.06152,1127.32812
  76300,2020-11-06T13:42:21.814+01:00,   0.362E-04,   4.06509,1128.78125
  76400,2020-11-06T13:42:22.193+01:00,   0.296E-04,   4.06865,1130.28125
  76500,2020-11-06T13:42:22.597+01:00,   0.350E-04,   4.07218,1131.90625
  76600,2020-11-06T13:42:22.970+01:00,   0.326E-04,   4.07540,1133.34375
  76700,2020-11-06T13:42:23.367+01:00,   0.394E-04,   4.07902,1134.93750
  76800,2020-11-06T13:42:23.723+01:00,   0.332E-04,   4.08243,1136.34375
  76900,2020-11-06T13:42:24.120+01:00,   0.356E-04,   4.08590,1137.82812
  77000,2020-11-06T13:42:24.507+01:00,   0.338E-04,   4.08936,1139.37500
  77100,2020-11-06T13:42:24.870+01:00,   0.372E-04,   4.09279,1140.81250
  77200,2020-11-06T13:42:25.209+01:00,   0.322E-04,   4.09621,1142.14062
  77300,2020-11-06T13:42:25.553+01:00,   0.319E-04,   4.09963,1143.45312
  77400,2020-11-06T13:42:25.936+01:00,   0.386E-04,   4.10329,1144.92188
  77500,2020-11-06T13:42:26.272+01:00,   0.366E-04,   4.10689,1146.29688
  77600,2020-11-06T13:42:26.620+01:00,   0.349E-04,   4.11039,1147.67188
  77700,2020-11-06T13:42:26.966+01:00,   0.361E-04,   4.11364,1149.04688
  77800,2020-11-06T13:42:27.367+01:00,   0.348E-04,   4.11725,1150.59375
  77900,2020-11-06T13:42:27.738+01:00,   0.338E-04,   4.12058,1152.07812
  78000,2020-11-06T13:42:28.095+01:00,   0.327E-04,   4.12414,1153.42188
  78100,2020-11-06T13:42:28.466+01:00,   0.336E-04,   4.12751,1154.92188
  78200,2020-11-06T13:42:28.826+01:00,   0.316E-04,   4.13085,1156.35938
  78300,2020-11-06T13:42:29.208+01:00,   0.361E-04,   4.13439,1157.87500
  78400,2020-11-06T13:42:29.604+01:00,   0.335E-04,   4.13770,1159.43750
  78500,2020-11-06T13:42:29.977+01:00,   0.364E-04,   4.14089,1160.93750
  78600,2020-11-06T13:42:30.340+01:00,   0.328E-04,   4.14425,1162.37500
  78700,2020-11-06T13:42:30.732+01:00,   0.339E-04,   4.14757,1163.93750
  78800,2020-11-06T13:42:31.132+01:00,   0.368E-04,   4.15103,1165.56250
  78900,2020-11-06T13:42:31.498+01:00,   0.346E-04,   4.15434,1167.00000
  79000,2020-11-06T13:42:31.895+01:00,   0.326E-04,   4.15777,1168.60938
  79100,2020-11-06T13:42:32.245+01:00,   0.301E-04,   4.16130,1169.95312
  79200,2020-11-06T13:42:32.610+01:00,   0.323E-04,   4.16476,1171.37500
  79300,2020-11-06T13:42:32.966+01:00,   0.348E-04,   4.16792,1172.78125
  79400,2020-11-06T13:42:33.301+01:00,   0.341E-04,   4.17124,1174.10938
  79500,2020-11-06T13:42:33.681+01:00,   0.354E-04,   4.17487,1175.56250
  79600,2020-11-06T13:42:34.081+01:00,   0.383E-04,   4.17832,1177.12500
  79700,2020-11-06T13:42:34.477+01:00,   0.298E-04,   4.18155,1178.68750
  79800,2020-11-06T13:42:34.867+01:00,   0.345E-04,   4.18501,1180.20312
  79900,2020-11-06T13:42:35.244+01:00,   0.352E-04,   4.18846,1181.62500
  80000,2020-11-06T13:42:35.613+01:00,   0.338E-04,   4.19153,1183.10938
  80100,2020-11-06T13:42:35.967+01:00,   0.319E-04,   4.19473,1184.48438
  80200,2020-11-06T13:42:36.367+01:00,   0.330E-04,   4.19807,1186.09375
  80300,2020-11-06T13:42:36.749+01:00,   0.363E-04,   4.20168,1187.59375
  80400,2020-11-06T13:42:37.116+01:00,   0.355E-04,   4.20515,1189.09375
  80500,2020-11-06T13:42:37.459+01:00,   0.325E-04,   4.20841,1190.37500
  80600,2020-11-06T13:42:37.827+01:00,   0.373E-04,   4.21178,1191.76562
  80700,2020-11-06T13:42:38.192+01:00,   0.312E-04,   4.21517,1193.23438
  80800,2020-11-06T13:42:38.591+01:00,   0.357E-04,   4.21861,1194.78125
  80900,2020-11-06T13:42:38.956+01:00,   0.340E-04,   4.22192,1196.28125
  81000,2020-11-06T13:42:39.346+01:00,   0.315E-04,   4.22505,1197.78125
  81100,2020-11-06T13:42:39.716+01:00,   0.337E-04,   4.22859,1199.28125
  81200,2020-11-06T13:42:40.079+01:00,   0.316E-04,   4.23194,1200.70312
  81300,2020-11-06T13:42:40.443+01:00,   0.329E-04,   4.23522,1202.20312
  81400,2020-11-06T13:42:40.806+01:00,   0.314E-04,   4.23855,1203.64062
  81500,2020-11-06T13:42:41.203+01:00,   0.370E-04,   4.24177,1205.20312
  81600,2020-11-06T13:42:41.556+01:00,   0.323E-04,   4.24517,1206.64062
  81700,2020-11-06T13:42:41.937+01:00,   0.343E-04,   4.24850,1208.10938
  81800,2020-11-06T13:42:42.316+01:00,   0.330E-04,   4.25186,1209.62500
  81900,2020-11-06T13:42:42.700+01:00,   0.334E-04,   4.25499,1211.12500
  82000,2020-11-06T13:42:43.057+01:00,   0.340E-04,   4.25828,1212.56250
  82100,2020-11-06T13:42:43.427+01:00,   0.332E-04,   4.26157,1214.01562
  82200,2020-11-06T13:42:43.785+01:00,   0.356E-04,   4.26502,1215.31250
  82300,2020-11-06T13:42:44.172+01:00,   0.369E-04,   4.26841,1216.81250
  82400,2020-11-06T13:42:44.513+01:00,   0.355E-04,   4.27178,1218.18750
  82500,2020-11-06T13:42:44.861+01:00,   0.314E-04,   4.27489,1219.46875
  82600,2020-11-06T13:42:45.344+01:00,   0.270E-04,   4.27795,1221.04688
  82700,2020-11-06T13:42:45.728+01:00,   0.327E-04,   4.28116,1222.53125
  82800,2020-11-06T13:42:46.125+01:00,   0.323E-04,   4.28453,1224.09375
  82900,2020-11-06T13:42:46.489+01:00,   0.356E-04,   4.28793,1225.54688
  83000,2020-11-06T13:42:46.895+01:00,   0.316E-04,   4.29123,1227.07812
  83100,2020-11-06T13:42:47.229+01:00,   0.291E-04,   4.29445,1228.37500
  83200,2020-11-06T13:42:47.585+01:00,   0.313E-04,   4.29776,1229.78125
  83300,2020-11-06T13:42:47.975+01:00,   0.295E-04,   4.30094,1231.26562
  83400,2020-11-06T13:42:48.342+01:00,   0.352E-04,   4.30424,1232.70312
  83500,2020-11-06T13:42:48.730+01:00,   0.298E-04,   4.30778,1234.20312
  83600,2020-11-06T13:42:49.089+01:00,   0.346E-04,   4.31110,1235.57812
  83700,2020-11-06T13:42:49.533+01:00,   0.333E-04,   4.31449,1237.31250
  83800,2020-11-06T13:42:49.895+01:00,   0.288E-04,   4.31763,1238.81250
  83900,2020-11-06T13:42:50.262+01:00,   0.325E-04,   4.32107,1240.25000
  84000,2020-11-06T13:42:50.668+01:00,   0.280E-04,   4.32436,1241.79688
  84100,2020-11-06T13:42:51.028+01:00,   0.331E-04,   4.32743,1243.21875
  84200,2020-11-06T13:42:51.416+01:00,   0.311E-04,   4.33064,1244.76562
  84300,2020-11-06T13:42:51.790+01:00,   0.335E-04,   4.33374,1246.25000
  84400,2020-11-06T13:42:52.172+01:00,   0.325E-04,   4.33695,1247.68750
  84500,2020-11-06T13:42:52.550+01:00,   0.339E-04,   4.34016,1249.25000
  84600,2020-11-06T13:42:53.258+01:00,   0.323E-04,   4.34349,1251.43750
  84700,2020-11-06T13:42:54.028+01:00,   0.313E-04,   4.34679,1253.56250
  84800,2020-11-06T13:42:54.446+01:00,   0.344E-04,   4.35006,1255.23438
  84900,2020-11-06T13:42:54.896+01:00,   0.301E-04,   4.35330,1257.01562
  85000,2020-11-06T13:42:55.388+01:00,   0.262E-04,   4.35648,1258.78125
  85100,2020-11-06T13:42:55.890+01:00,   0.347E-04,   4.35958,1260.60938
  85200,2020-11-06T13:42:56.431+01:00,   0.338E-04,   4.36298,1262.35938
  85300,2020-11-06T13:42:56.842+01:00,   0.311E-04,   4.36629,1263.98438
  85400,2020-11-06T13:42:57.218+01:00,   0.366E-04,   4.36957,1265.46875
  85500,2020-11-06T13:42:57.619+01:00,   0.354E-04,   4.37293,1266.93750
  85600,2020-11-06T13:42:58.038+01:00,   0.348E-04,   4.37643,1268.46875
  85700,2020-11-06T13:42:58.489+01:00,   0.337E-04,   4.37994,1270.23438
  85800,2020-11-06T13:42:58.888+01:00,   0.370E-04,   4.38335,1271.65625
  85900,2020-11-06T13:42:59.268+01:00,   0.295E-04,   4.38659,1273.15625
  86000,2020-11-06T13:42:59.665+01:00,   0.342E-04,   4.38965,1274.76562
  86100,2020-11-06T13:43:00.045+01:00,   0.324E-04,   4.39279,1276.17188
  86200,2020-11-06T13:43:00.484+01:00,   0.311E-04,   4.39614,1277.89062
  86300,2020-11-06T13:43:00.880+01:00,   0.342E-04,   4.39951,1279.48438
  86400,2020-11-06T13:43:01.254+01:00,   0.316E-04,   4.40284,1280.95312
  86500,2020-11-06T13:43:01.655+01:00,   0.343E-04,   4.40617,1282.48438
  86600,2020-11-06T13:43:02.060+01:00,   0.298E-04,   4.40946,1284.09375
  86700,2020-11-06T13:43:02.547+01:00,   0.318E-04,   4.41259,1285.92188
  86800,2020-11-06T13:43:02.943+01:00,   0.339E-04,   4.41594,1287.53125
  86900,2020-11-06T13:43:03.340+01:00,   0.316E-04,   4.41927,1289.04688
  87000,2020-11-06T13:43:03.686+01:00,   0.332E-04,   4.42233,1290.40625
  87100,2020-11-06T13:43:04.050+01:00,   0.318E-04,   4.42560,1291.90625
  87200,2020-11-06T13:43:04.453+01:00,   0.311E-04,   4.42892,1293.35938
  87300,2020-11-06T13:43:04.852+01:00,   0.283E-04,   4.43221,1294.95312
  87400,2020-11-06T13:43:05.178+01:00,   0.337E-04,   4.43532,1296.23438
  87500,2020-11-06T13:43:05.573+01:00,   0.302E-04,   4.43854,1297.78125
  87600,2020-11-06T13:43:05.971+01:00,   0.333E-04,   4.44180,1299.25000
  87700,2020-11-06T13:43:06.336+01:00,   0.258E-04,   4.44499,1300.73438
  87800,2020-11-06T13:43:06.735+01:00,   0.294E-04,   4.44800,1302.29688
  87900,2020-11-06T13:43:07.091+01:00,   0.345E-04,   4.45142,1303.68750
  88000,2020-11-06T13:43:07.483+01:00,   0.307E-04,   4.45478,1305.23438
  88100,2020-11-06T13:43:07.880+01:00,   0.322E-04,   4.45792,1306.81250
  88200,2020-11-06T13:43:08.264+01:00,   0.344E-04,   4.46112,1308.29688
  88300,2020-11-06T13:43:08.631+01:00,   0.344E-04,   4.46457,1309.76562
  88400,2020-11-06T13:43:09.041+01:00,   0.240E-04,   4.46769,1311.37500
  88500,2020-11-06T13:43:09.412+01:00,   0.351E-04,   4.47095,1312.81250
  88600,2020-11-06T13:43:09.797+01:00,   0.337E-04,   4.47423,1314.31250
  88700,2020-11-06T13:43:10.171+01:00,   0.312E-04,   4.47742,1315.76562
  88800,2020-11-06T13:43:10.561+01:00,   0.303E-04,   4.48060,1317.26562
  88900,2020-11-06T13:43:10.933+01:00,   0.321E-04,   4.48393,1318.73438
  89000,2020-11-06T13:43:11.280+01:00,   0.319E-04,   4.48714,1320.06250
  89100,2020-11-06T13:43:11.663+01:00,   0.296E-04,   4.49022,1321.59375
  89200,2020-11-06T13:43:12.078+01:00,   0.266E-04,   4.49322,1323.14062
  89300,2020-11-06T13:43:12.450+01:00,   0.345E-04,   4.49659,1324.62500
  89400,2020-11-06T13:43:12.880+01:00,   0.326E-04,   4.49984,1326.25000
  89500,2020-11-06T13:43:13.343+01:00,   0.345E-04,   4.50317,1327.98438
  89600,2020-11-06T13:43:13.727+01:00,   0.330E-04,   4.50642,1329.54688
  89700,2020-11-06T13:43:14.142+01:00,   0.327E-04,   4.50956,1331.14062
  89800,2020-11-06T13:43:14.534+01:00,   0.315E-04,   4.51260,1332.64062
  89900,2020-11-06T13:43:14.911+01:00,   0.346E-04,   4.51593,1334.15625
  90000,2020-11-06T13:43:15.295+01:00,   0.309E-04,   4.51905,1335.60938
  90100,2020-11-06T13:43:15.693+01:00,   0.314E-04,   4.52209,1337.23438
  90200,2020-11-06T13:43:16.086+01:00,   0.328E-04,   4.52521,1338.78125
  90300,2020-11-06T13:43:16.492+01:00,   0.348E-04,   4.52851,1340.35938
  90400,2020-11-06T13:43:16.901+01:00,   0.344E-04,   4.53178,1341.92188
  90500,2020-11-06T13:43:17.314+01:00,   0.340E-04,   4.53521,1343.51562
  90600,2020-11-06T13:43:17.710+01:00,   0.333E-04,   4.53853,1345.04688
  90700,2020-11-06T13:43:18.119+01:00,   0.323E-04,   4.54171,1346.60938
  90800,2020-11-06T13:43:18.505+01:00,   0.344E-04,   4.54496,1348.10938
  90900,2020-11-06T13:43:18.919+01:00,   0.282E-04,   4.54802,1349.64062
  91000,2020-11-06T13:43:19.299+01:00,   0.364E-04,   4.55127,1351.14062
  91100,2020-11-06T13:43:19.670+01:00,   0.311E-04,   4.55465,1352.57812
  91200,2020-11-06T13:43:20.024+01:00,   0.304E-04,   4.55777,1353.96875
  91300,2020-11-06T13:43:20.425+01:00,   0.298E-04,   4.56099,1355.59375
  91400,2020-11-06T13:43:20.777+01:00,   0.348E-04,   4.56406,1356.96875
  91500,2020-11-06T13:43:21.148+01:00,   0.326E-04,   4.56718,1358.46875
  91600,2020-11-06T13:43:21.561+01:00,   0.344E-04,   4.57045,1359.96875
  91700,2020-11-06T13:43:21.945+01:00,   0.362E-04,   4.57354,1361.50000
  91800,2020-11-06T13:43:22.332+01:00,   0.309E-04,   4.57683,1363.04688
  91900,2020-11-06T13:43:22.718+01:00,   0.305E-04,   4.57999,1364.53125
  92000,2020-11-06T13:43:23.078+01:00,   0.330E-04,   4.58321,1365.95312
  92100,2020-11-06T13:43:23.447+01:00,   0.323E-04,   4.58639,1367.42188
  92200,2020-11-06T13:43:23.807+01:00,   0.304E-04,   4.58958,1368.84375
  92300,2020-11-06T13:43:24.176+01:00,   0.311E-04,   4.59257,1370.25000
  92400,2020-11-06T13:43:24.555+01:00,   0.311E-04,   4.59568,1371.68750
  92500,2020-11-06T13:43:24.937+01:00,   0.331E-04,   4.59899,1373.15625
  92600,2020-11-06T13:43:25.344+01:00,   0.347E-04,   4.60223,1374.78125
  92700,2020-11-06T13:43:25.721+01:00,   0.332E-04,   4.60554,1376.28125
  92800,2020-11-06T13:43:26.071+01:00,   0.320E-04,   4.60878,1377.71875
  92900,2020-11-06T13:43:26.433+01:00,   0.343E-04,   4.61193,1379.15625
  93000,2020-11-06T13:43:26.805+01:00,   0.329E-04,   4.61532,1380.64062
  93100,2020-11-06T13:43:27.213+01:00,   0.301E-04,   4.61860,1382.26562
  93200,2020-11-06T13:43:27.568+01:00,   0.316E-04,   4.62177,1383.67188
  93300,2020-11-06T13:43:27.921+01:00,   0.310E-04,   4.62509,1385.00000
  93400,2020-11-06T13:43:28.290+01:00,   0.290E-04,   4.62816,1386.48438
  93500,2020-11-06T13:43:28.667+01:00,   0.309E-04,   4.63125,1387.98438
  93600,2020-11-06T13:43:29.095+01:00,   0.340E-04,   4.63449,1389.64062
  93700,2020-11-06T13:43:29.540+01:00,   0.348E-04,   4.63755,1391.29688
  93800,2020-11-06T13:43:30.268+01:00,   0.309E-04,   4.64074,1393.71875
  93900,2020-11-06T13:43:30.855+01:00,   0.260E-04,   4.64392,1395.57812
  94000,2020-11-06T13:43:31.248+01:00,   0.328E-04,   4.64694,1397.12500
  94100,2020-11-06T13:43:31.687+01:00,   0.324E-04,   4.65008,1398.70312
  94200,2020-11-06T13:43:32.087+01:00,   0.348E-04,   4.65328,1400.31250
  94300,2020-11-06T13:43:32.468+01:00,   0.348E-04,   4.65676,1401.75000
  94400,2020-11-06T13:43:32.893+01:00,   0.344E-04,   4.66000,1403.34375
  94500,2020-11-06T13:43:33.313+01:00,   0.321E-04,   4.66316,1404.96875
  94600,2020-11-06T13:43:33.787+01:00,   0.305E-04,   4.66629,1406.87500
  94700,2020-11-06T13:43:34.289+01:00,   0.316E-04,   4.66926,1408.57812
  94800,2020-11-06T13:43:34.680+01:00,   0.312E-04,   4.67239,1410.10938
  94900,2020-11-06T13:43:35.063+01:00,   0.294E-04,   4.67560,1411.57812
  95000,2020-11-06T13:43:35.470+01:00,   0.310E-04,   4.67859,1413.20312
  95100,2020-11-06T13:43:35.842+01:00,   0.323E-04,   4.68163,1414.59375
  95200,2020-11-06T13:43:36.254+01:00,   0.300E-04,   4.68479,1416.23438
  95300,2020-11-06T13:43:36.623+01:00,   0.310E-04,   4.68787,1417.64062
  95400,2020-11-06T13:43:36.996+01:00,   0.357E-04,   4.69108,1419.09375
  95500,2020-11-06T13:43:37.341+01:00,   0.316E-04,   4.69449,1420.43750
  95600,2020-11-06T13:43:37.742+01:00,   0.336E-04,   4.69758,1422.06250
  95700,2020-11-06T13:43:38.144+01:00,   0.331E-04,   4.70070,1423.60938
  95800,2020-11-06T13:43:38.492+01:00,   0.321E-04,   4.70382,1425.03125
  95900,2020-11-06T13:43:38.885+01:00,   0.301E-04,   4.70704,1426.57812
  96000,2020-11-06T13:43:39.290+01:00,   0.264E-04,   4.71009,1428.12500
  96100,2020-11-06T13:43:39.639+01:00,   0.311E-04,   4.71318,1429.50000
  96200,2020-11-06T13:43:40.046+01:00,   0.308E-04,   4.71651,1431.12500
  96300,2020-11-06T13:43:40.492+01:00,   0.308E-04,   4.71958,1432.87500
  96400,2020-11-06T13:43:40.897+01:00,   0.290E-04,   4.72262,1434.48438
  96500,2020-11-06T13:43:41.283+01:00,   0.267E-04,   4.72565,1435.98438
  96600,2020-11-06T13:43:41.686+01:00,   0.283E-04,   4.72865,1437.59375
  96700,2020-11-06T13:43:42.087+01:00,   0.329E-04,   4.73182,1439.17188
  96800,2020-11-06T13:43:42.472+01:00,   0.322E-04,   4.73511,1440.60938
  96900,2020-11-06T13:43:42.830+01:00,   0.289E-04,   4.73828,1442.03125
  97000,2020-11-06T13:43:43.191+01:00,   0.350E-04,   4.74145,1443.53125
  97100,2020-11-06T13:43:43.580+01:00,   0.297E-04,   4.74468,1444.95312
  97200,2020-11-06T13:43:43.968+01:00,   0.342E-04,   4.74788,1446.42188
  97300,2020-11-06T13:43:44.347+01:00,   0.329E-04,   4.75107,1447.85938
  97400,2020-11-06T13:43:44.754+01:00,   0.261E-04,   4.75411,1449.53125
  97500,2020-11-06T13:43:45.130+01:00,   0.337E-04,   4.75718,1451.01562
  97600,2020-11-06T13:43:45.525+01:00,   0.323E-04,   4.76041,1452.54688
  97700,2020-11-06T13:43:45.950+01:00,   0.345E-04,   4.76369,1454.18750
  97800,2020-11-06T13:43:46.323+01:00,   0.297E-04,   4.76674,1455.67188
  97900,2020-11-06T13:43:46.697+01:00,   0.338E-04,   4.76967,1457.17188
  98000,2020-11-06T13:43:47.031+01:00,   0.288E-04,   4.77292,1458.48438
  98100,2020-11-06T13:43:47.373+01:00,   0.342E-04,   4.77620,1459.79688
  98200,2020-11-06T13:43:47.727+01:00,   0.301E-04,   4.77929,1461.18750
  98300,2020-11-06T13:43:48.125+01:00,   0.321E-04,   4.78247,1462.70312
  98400,2020-11-06T13:43:48.491+01:00,   0.285E-04,   4.78563,1464.20312
  98500,2020-11-06T13:43:48.864+01:00,   0.299E-04,   4.78871,1465.70312
  98600,2020-11-06T13:43:49.227+01:00,   0.349E-04,   4.79175,1467.14062
  98700,2020-11-06T13:43:49.631+01:00,   0.308E-04,   4.79496,1468.67188
  98800,2020-11-06T13:43:50.019+01:00,   0.327E-04,   4.79819,1470.23438
  98900,2020-11-06T13:43:50.401+01:00,   0.320E-04,   4.80151,1471.64062
  99000,2020-11-06T13:43:50.775+01:00,   0.328E-04,   4.80456,1473.09375
  99100,2020-11-06T13:43:51.160+01:00,   0.335E-04,   4.80777,1474.62500
  99200,2020-11-06T13:43:51.519+01:00,   0.294E-04,   4.81098,1476.04688
  99300,2020-11-06T13:43:51.934+01:00,   0.280E-04,   4.81389,1477.65625
  99400,2020-11-06T13:43:52.333+01:00,   0.300E-04,   4.81704,1479.28125
  99500,2020-11-06T13:43:52.713+01:00,   0.318E-04,   4.82006,1480.75000
  99600,2020-11-06T13:43:53.089+01:00,   0.279E-04,   4.82309,1482.20312
  99700,2020-11-06T13:43:53.482+01:00,   0.313E-04,   4.82599,1483.75000
  99800,2020-11-06T13:43:53.870+01:00,   0.300E-04,   4.82918,1485.28125
  99900,2020-11-06T13:43:54.228+01:00,   0.327E-04,   4.83212,1486.71875
 100000,2020-11-06T13:43:54.579+01:00,   0.316E-04,   4.83527,1488.09375
 100100,2020-11-06T13:43:54.934+01:00,   0.258E-04,   4.83804,1489.50000
 100200,2020-11-06T13:43:55.267+01:00,   0.366E-04,   4.84107,1490.81250
 100300,2020-11-06T13:43:55.673+01:00,   0.303E-04,   4.84418,1492.35938
 100400,2020-11-06T13:43:56.057+01:00,   0.287E-04,   4.84718,1493.92188
 100500,2020-11-06T13:43:56.428+01:00,   0.315E-04,   4.85027,1495.40625
 100600,2020-11-06T13:43:56.813+01:00,   0.295E-04,   4.85334,1496.87500
 100700,2020-11-06T13:43:57.157+01:00,   0.261E-04,   4.85607,1498.25000
 100800,2020-11-06T13:43:57.556+01:00,   0.335E-04,   4.85907,1499.79688
 100900,2020-11-06T13:43:57.947+01:00,   0.254E-04,   4.86188,1501.34375
 101000,2020-11-06T13:43:58.312+01:00,   0.304E-04,   4.86483,1502.76562
 101100,2020-11-06T13:43:58.701+01:00,   0.299E-04,   4.86784,1504.28125
 101200,2020-11-06T13:43:59.082+01:00,   0.317E-04,   4.87085,1505.82812
 101300,2020-11-06T13:43:59.452+01:00,   0.306E-04,   4.87386,1507.21875
 101400,2020-11-06T13:43:59.804+01:00,   0.289E-04,   4.87681,1508.54688
 101500,2020-11-06T13:44:00.172+01:00,   0.318E-04,   4.87991,1509.90625
 101600,2020-11-06T13:44:00.574+01:00,   0.251E-04,   4.88292,1511.51562
 101700,2020-11-06T13:44:00.952+01:00,   0.252E-04,   4.88594,1513.01562
 101800,2020-11-06T13:44:01.278+01:00,   0.293E-04,   4.88897,1514.32812
 101900,2020-11-06T13:44:01.635+01:00,   0.319E-04,   4.89207,1515.75000
 102000,2020-11-06T13:44:01.962+01:00,   0.289E-04,   4.89476,1517.03125
 102100,2020-11-06T13:44:02.312+01:00,   0.314E-04,   4.89772,1518.40625
 102200,2020-11-06T13:44:02.650+01:00,   0.331E-04,   4.90069,1519.78125
 102300,2020-11-06T13:44:02.997+01:00,   0.289E-04,   4.90399,1521.15625
 102400,2020-11-06T13:44:03.377+01:00,   0.343E-04,   4.90710,1522.62500
 102500,2020-11-06T13:44:03.732+01:00,   0.318E-04,   4.91013,1524.06250
 102600,2020-11-06T13:44:04.132+01:00,   0.283E-04,   4.91325,1525.68750
 102700,2020-11-06T13:44:04.485+01:00,   0.246E-04,   4.91624,1527.01562
 102800,2020-11-06T13:44:04.841+01:00,   0.289E-04,   4.91920,1528.43750
 102900,2020-11-06T13:44:05.192+01:00,   0.283E-04,   4.92195,1529.84375
 103000,2020-11-06T13:44:05.579+01:00,   0.302E-04,   4.92485,1531.34375
 103100,2020-11-06T13:44:06.012+01:00,   0.260E-04,   4.92778,1533.09375
 103200,2020-11-06T13:44:06.382+01:00,   0.248E-04,   4.93068,1534.56250
 103300,2020-11-06T13:44:06.779+01:00,   0.321E-04,   4.93374,1536.07812
 103400,2020-11-06T13:44:07.138+01:00,   0.313E-04,   4.93674,1537.46875
 103500,2020-11-06T13:44:07.492+01:00,   0.273E-04,   4.93959,1538.90625
 103600,2020-11-06T13:44:07.883+01:00,   0.297E-04,   4.94248,1540.45312
 103700,2020-11-06T13:44:08.233+01:00,   0.234E-04,   4.94542,1541.82812
 103800,2020-11-06T13:44:08.611+01:00,   0.334E-04,   4.94835,1543.31250
 103900,2020-11-06T13:44:09.004+01:00,   0.291E-04,   4.95145,1544.92188
 104000,2020-11-06T13:44:09.353+01:00,   0.236E-04,   4.95429,1546.29688
 104100,2020-11-06T13:44:09.740+01:00,   0.314E-04,   4.95723,1547.85938
 104200,2020-11-06T13:44:10.132+01:00,   0.318E-04,   4.96006,1549.37500
 104300,2020-11-06T13:44:10.511+01:00,   0.281E-04,   4.96307,1550.85938
 104400,2020-11-06T13:44:10.891+01:00,   0.276E-04,   4.96612,1552.34375
 104500,2020-11-06T13:44:11.242+01:00,   0.293E-04,   4.96871,1553.75000
 104600,2020-11-06T13:44:11.644+01:00,   0.255E-04,   4.97174,1555.37500
 104700,2020-11-06T13:44:12.057+01:00,   0.308E-04,   4.97466,1556.98438
 104800,2020-11-06T13:44:12.464+01:00,   0.250E-04,   4.97761,1558.53125
 104900,2020-11-06T13:44:12.842+01:00,   0.296E-04,   4.98052,1559.96875
 105000,2020-11-06T13:44:13.201+01:00,   0.290E-04,   4.98349,1561.40625
 105100,2020-11-06T13:44:13.604+01:00,   0.309E-04,   4.98648,1562.96875
 105200,2020-11-06T13:44:13.943+01:00,   0.278E-04,   4.98941,1564.31250
 105300,2020-11-06T13:44:14.307+01:00,   0.269E-04,   4.99234,1565.70312
 105400,2020-11-06T13:44:14.690+01:00,   0.319E-04,   4.99536,1567.18750
 105500,2020-11-06T13:44:15.048+01:00,   0.273E-04,   4.99815,1568.53125
 105600,2020-11-06T13:44:15.445+01:00,   0.305E-04,   5.00106,1570.06250
 105700,2020-11-06T13:44:15.778+01:00,   0.301E-04,   5.00423,1571.34375
 105800,2020-11-06T13:44:16.175+01:00,   0.238E-04,   5.00687,1572.90625
 105900,2020-11-06T13:44:16.558+01:00,   0.302E-04,   5.00967,1574.40625
 106000,2020-11-06T13:44:16.964+01:00,   0.285E-04,   5.01272,1576.01562
 106100,2020-11-06T13:44:17.336+01:00,   0.243E-04,   5.01557,1577.46875
 106200,2020-11-06T13:44:17.705+01:00,   0.284E-04,   5.01842,1578.89062
 106300,2020-11-06T13:44:18.089+01:00,   0.298E-04,   5.02125,1580.42188
 106400,2020-11-06T13:44:18.443+01:00,   0.315E-04,   5.02408,1581.85938
 106500,2020-11-06T13:44:18.832+01:00,   0.337E-04,   5.02715,1583.31250
 106600,2020-11-06T13:44:19.241+01:00,   0.315E-04,   5.02999,1584.93750
 106700,2020-11-06T13:44:19.670+01:00,   0.275E-04,   5.03284,1586.56250
 106800,2020-11-06T13:44:20.091+01:00,   0.264E-04,   5.03571,1588.25000
 106900,2020-11-06T13:44:20.673+01:00,   0.316E-04,   5.03850,1590.39062
 107000,2020-11-06T13:44:21.094+01:00,   0.310E-04,   5.04158,1592.00000
 107100,2020-11-06T13:44:21.435+01:00,   0.272E-04,   5.04460,1593.37500
 107200,2020-11-06T13:44:21.776+01:00,   0.299E-04,   5.04758,1594.75000
 107300,2020-11-06T13:44:22.088+01:00,   0.291E-04,   5.05048,1596.00000
 107400,2020-11-06T13:44:22.435+01:00,   0.291E-04,   5.05339,1597.37500
 107500,2020-11-06T13:44:22.750+01:00,   0.291E-04,   5.05631,1598.60938
 107600,2020-11-06T13:44:23.086+01:00,   0.283E-04,   5.05931,1599.98438
 107700,2020-11-06T13:44:23.454+01:00,   0.311E-04,   5.06229,1601.40625
 107800,2020-11-06T13:44:23.947+01:00,   0.279E-04,   5.06513,1603.31250
 107900,2020-11-06T13:44:24.332+01:00,   0.293E-04,   5.06797,1604.85938
 108000,2020-11-06T13:44:24.707+01:00,   0.310E-04,   5.07095,1606.31250
 108100,2020-11-06T13:44:25.118+01:00,   0.304E-04,   5.07382,1607.93750
 108200,2020-11-06T13:44:25.490+01:00,   0.270E-04,   5.07687,1609.43750
 108300,2020-11-06T13:44:25.885+01:00,   0.321E-04,   5.07983,1610.89062
 108400,2020-11-06T13:44:26.275+01:00,   0.306E-04,   5.08285,1612.39062
 108500,2020-11-06T13:44:26.673+01:00,   0.283E-04,   5.08571,1613.85938
 108600,2020-11-06T13:44:27.304+01:00,   0.266E-04,   5.08869,1616.01562
 108700,2020-11-06T13:44:27.722+01:00,   0.263E-04,   5.09173,1617.62500
 108800,2020-11-06T13:44:28.106+01:00,   0.304E-04,   5.09448,1619.12500
 108900,2020-11-06T13:44:28.481+01:00,   0.272E-04,   5.09732,1620.60938
 109000,2020-11-06T13:44:28.888+01:00,   0.318E-04,   5.10021,1622.17188
 109100,2020-11-06T13:44:29.293+01:00,   0.292E-04,   5.10300,1623.79688
 109200,2020-11-06T13:44:29.769+01:00,   0.277E-04,   5.10595,1625.67188
 109300,2020-11-06T13:44:30.175+01:00,   0.304E-04,   5.10896,1627.25000
 109400,2020-11-06T13:44:30.558+01:00,   0.325E-04,   5.11201,1628.75000
 109500,2020-11-06T13:44:30.940+01:00,   0.312E-04,   5.11508,1630.23438
 109600,2020-11-06T13:44:31.330+01:00,   0.266E-04,   5.11798,1631.76562
 109700,2020-11-06T13:44:31.700+01:00,   0.322E-04,   5.12093,1633.25000
 109800,2020-11-06T13:44:32.041+01:00,   0.290E-04,   5.12401,1634.62500
 109900,2020-11-06T13:44:32.696+01:00,   0.300E-04,   5.12674,1636.82812
 110000,2020-11-06T13:44:33.102+01:00,   0.290E-04,   5.12967,1638.43750
 110100,2020-11-06T13:44:33.479+01:00,   0.278E-04,   5.13263,1639.87500
 110200,2020-11-06T13:44:33.838+01:00,   0.269E-04,   5.13563,1641.29688
 110300,2020-11-06T13:44:34.246+01:00,   0.257E-04,   5.13863,1642.90625
 110400,2020-11-06T13:44:34.760+01:00,   0.306E-04,   5.14153,1644.81250
 110500,2020-11-06T13:44:35.187+01:00,   0.306E-04,   5.14459,1646.45312
 110600,2020-11-06T13:44:35.581+01:00,   0.299E-04,   5.14742,1648.03125
 110700,2020-11-06T13:44:36.020+01:00,   0.281E-04,   5.15020,1649.71875
 110800,2020-11-06T13:44:36.410+01:00,   0.296E-04,   5.15305,1651.23438
 110900,2020-11-06T13:44:36.803+01:00,   0.286E-04,   5.15584,1652.73438
 111000,2020-11-06T13:44:37.173+01:00,   0.290E-04,   5.15853,1654.09375
 111100,2020-11-06T13:44:37.562+01:00,   0.224E-04,   5.16127,1655.64062
 111200,2020-11-06T13:44:37.943+01:00,   0.271E-04,   5.16395,1657.17188
 111300,2020-11-06T13:44:38.297+01:00,   0.281E-04,   5.16669,1658.50000
 111400,2020-11-06T13:44:38.684+01:00,   0.324E-04,   5.16958,1660.03125
 111500,2020-11-06T13:44:39.062+01:00,   0.280E-04,   5.17247,1661.50000
 111600,2020-11-06T13:44:39.506+01:00,   0.288E-04,   5.17535,1663.25000
 111700,2020-11-06T13:44:39.942+01:00,   0.262E-04,   5.17838,1665.00000
 111800,2020-11-06T13:44:40.296+01:00,   0.265E-04,   5.18117,1666.37500
 111900,2020-11-06T13:44:40.704+01:00,   0.285E-04,   5.18411,1667.93750
 112000,2020-11-06T13:44:41.075+01:00,   0.289E-04,   5.18705,1669.35938
 112100,2020-11-06T13:44:41.432+01:00,   0.312E-04,   5.19010,1670.78125
 112200,2020-11-06T13:44:41.833+01:00,   0.241E-04,   5.19292,1672.39062
 112300,2020-11-06T13:44:42.222+01:00,   0.292E-04,   5.19575,1673.89062
 112400,2020-11-06T13:44:42.638+01:00,   0.269E-04,   5.19867,1675.51562
 112500,2020-11-06T13:44:43.053+01:00,   0.253E-04,   5.20156,1677.20312
 112600,2020-11-06T13:44:43.473+01:00,   0.298E-04,   5.20447,1678.89062
 112700,2020-11-06T13:44:43.927+01:00,   0.289E-04,   5.20747,1680.59375
 112800,2020-11-06T13:44:44.320+01:00,   0.289E-04,   5.21036,1682.12500
 112900,2020-11-06T13:44:44.755+01:00,   0.277E-04,   5.21295,1683.87500
 113000,2020-11-06T13:44:45.151+01:00,   0.295E-04,   5.21562,1685.34375
 113100,2020-11-06T13:44:45.526+01:00,   0.256E-04,   5.21836,1686.81250
 113200,2020-11-06T13:44:45.933+01:00,   0.299E-04,   5.22124,1688.42188
 113300,2020-11-06T13:44:46.347+01:00,   0.289E-04,   5.22414,1690.09375
 113400,2020-11-06T13:44:46.771+01:00,   0.303E-04,   5.22709,1691.78125
 113500,2020-11-06T13:44:47.143+01:00,   0.262E-04,   5.22982,1693.20312
 113600,2020-11-06T13:44:47.544+01:00,   0.303E-04,   5.23255,1694.82812
