s,kW,kW,kW,kW,kW,kW,kW,kW,kW,kg/s,kg/s
Time,HRR,Q_RADI,Q_CONV,Q_COND,Q_DIFF,Q_PRES,Q_PART,Q_ENTH,Q_TOTAL,MLR_FUEL,MLR_TOTAL
 0.0000000E+000, 0.0000000E+000,-7.0041082E-003, 3.1604099E-006, 0.0000000E+000, 0.0000000E+000, 0.0000000E+000, 0.0000000E+000, 0.0000000E+000,-7.0009478E-003, 0.0000000E+000, 0.0000000E+000
 2.2821774E-001, 0.0000000E+000,-8.1210646E-004,-1.1560009E-002, 0.0000000E+000, 2.9109035E-004, 0.0000000E+000, 0.0000000E+000, 0.0000000E+000,-1.2081025E-002, 1.4740645E-004, 1.4740645E-004
 4.5643547E-001, 2.6187741E+000,-8.1200885E-004, 3.8487242E-002,-4.2493706E-008, 4.2485787E-004, 0.0000000E+000, 0.0000000E+000,-2.1198380E-004, 2.6568741E+000, 2.8068682E-004, 2.8068682E-004
 6.8465322E-001, 5.0339461E+000,-6.0424213E-001, 7.2518047E-002,-6.0440036E-003, 6.0280957E-004, 0.0000000E+000, 0.0000000E+000, 2.6599699E+000, 4.4967808E+000, 3.9065635E-004, 3.9065635E-004
 9.1287094E-001, 7.0578415E+000,-1.5866116E+000, 9.0115147E-002,-2.3361978E-002, 8.4465727E-004, 0.0000000E+000, 0.0000000E+000, 4.4911384E+000, 5.5388277E+000, 4.7474336E-004, 4.7474336E-004
 1.1410886E+000, 8.6774139E+000,-3.0159376E+000, 9.1225528E-002,-5.1093653E-002, 9.4945392E-004, 0.0000000E+000, 0.0000000E+000, 5.5271739E+000, 5.7025576E+000, 5.3537388E-004, 5.3537388E-004
 1.3693064E+000, 9.8547794E+000,-4.5752322E+000, 8.1262085E-002,-7.8113161E-002, 1.7321863E-003, 0.0000000E+000, 0.0000000E+000, 5.6879744E+000, 5.2844283E+000, 5.7726498E-004, 5.7726498E-004
 1.5975242E+000, 1.0737089E+001,-4.8081127E+000, 8.9312824E-002,-8.9023231E-002, 2.2274076E-003, 0.0000000E+000, 0.0000000E+000, 5.2759686E+000, 5.9314929E+000, 6.0536227E-004, 6.0536227E-004
 1.8257419E+000, 1.1344482E+001,-4.2680825E+000, 1.0660999E-001,-8.5658578E-002, 2.3960881E-003, 0.0000000E+000, 0.0000000E+000, 5.9322562E+000, 7.0997467E+000, 6.2383456E-004, 6.2383456E-004
 2.0539596E+000, 1.1750092E+001,-3.6024705E+000, 1.2309166E-001,-7.8255337E-002, 2.4740140E-003, 0.0000000E+000, 0.0000000E+000, 7.1089748E+000, 8.1949321E+000, 6.3581979E-004, 6.3581979E-004
 2.2821772E+000, 1.2017146E+001,-2.9864390E+000, 1.3657479E-001,-7.2514571E-002, 2.5154120E-003, 0.0000000E+000, 0.0000000E+000, 8.2093003E+000, 9.0972827E+000, 6.4352964E-004, 6.4352964E-004
 2.5103951E+000, 1.2190640E+001,-2.7975500E+000, 1.4133516E-001,-7.1213735E-002, 2.5383713E-003, 0.0000000E+000, 0.0000000E+000, 9.1118230E+000, 9.4657502E+000, 6.4846189E-004, 6.4846189E-004
 2.7386129E+000, 1.2301980E+001,-4.9161291E+000, 1.0671941E-001,-7.2561965E-002, 2.5501574E-003, 0.0000000E+000, 0.0000000E+000, 9.4812511E+000, 7.4225582E+000, 6.5160606E-004, 6.5160606E-004
 2.9261136E+000, 1.3342513E+001,-4.2902232E+000, 1.3451392E-001,-7.6229206E-002, 2.5527168E-003, 0.0000000E+000, 0.0000000E+000, 7.4386355E+000, 9.1131275E+000, 6.5331215E-004, 6.5331215E-004
 3.0935113E+000, 1.3395707E+001,-3.2507005E+000, 1.5184060E-001,-8.5942298E-002, 2.5503326E-003, 0.0000000E+000, 0.0000000E+000, 9.1258486E+000, 1.0213455E+001, 6.5438127E-004, 6.5438127E-004
 3.2609088E+000, 1.2903257E+001,-3.2387526E+000, 1.4214405E-001,-9.6767570E-002, 2.5463401E-003, 0.0000000E+000, 0.0000000E+000, 1.0226791E+001, 9.7124268E+000, 6.5514728E-004, 6.5514728E-004
 3.4093735E+000, 1.3180783E+001,-2.8853541E+000, 1.5094184E-001,-1.0415435E-001, 2.5443984E-003, 0.0000000E+000, 0.0000000E+000, 9.7286675E+000, 1.0344761E+001, 6.5564263E-004, 6.5564263E-004
 3.5578380E+000, 1.2841014E+001,-3.3867060E+000, 1.3454841E-001,-1.1186592E-001, 2.5453776E-003, 0.0000000E+000, 0.0000000E+000, 1.0361628E+001, 9.4795364E+000, 6.5601096E-004, 6.5601096E-004
 3.7063024E+000, 1.2668202E+001,-3.5144815E+000, 1.2732951E-001,-1.1523385E-001, 2.5497676E-003, 0.0000000E+000, 0.0000000E+000, 9.4995558E+000, 9.1683655E+000, 6.5628481E-004, 6.5628481E-004
 3.8313391E+000, 1.3196214E+001,-3.3861129E+000, 1.3603609E-001,-1.1655468E-001, 2.5542740E-003, 0.0000000E+000, 0.0000000E+000, 9.1911015E+000, 9.8321366E+000, 6.5646012E-004, 6.5646012E-004
 3.9563756E+000, 1.2895921E+001,-3.4641450E+000, 1.2630689E-001,-1.1941239E-001, 2.5579108E-003, 0.0000000E+000, 0.0000000E+000, 9.8564088E+000, 9.4412283E+000, 6.5659668E-004, 6.5659668E-004
 4.0814123E+000, 1.2724015E+001,-3.3707595E+000, 1.2055702E-001,-1.2096596E-001, 2.5608599E-003, 0.0000000E+000, 0.0000000E+000, 9.4692423E+000, 9.3554076E+000, 6.5670305E-004, 6.5670305E-004
 4.2064490E+000, 1.2626021E+001,-3.2872641E+000, 1.1425048E-001,-1.2428353E-001, 2.5626197E-003, 0.0000000E+000, 0.0000000E+000, 9.3869045E+000, 9.3312862E+000, 6.5678589E-004, 6.5678589E-004
 4.3314857E+000, 1.2570139E+001,-3.2104097E+000, 1.0647505E-001,-1.3127403E-001, 2.5633119E-003, 0.0000000E+000, 0.0000000E+000, 9.3670549E+000, 9.3374935E+000, 6.5685041E-004, 6.5685041E-004
 4.4565220E+000, 1.2538460E+001,-3.1724242E+000, 9.5905035E-002,-1.4232714E-001, 2.5631116E-003, 0.0000000E+000, 0.0000000E+000, 9.3792469E+000, 9.3221766E+000, 6.5690066E-004, 6.5690066E-004
 4.5815587E+000, 1.2520606E+001,-3.1501064E+000, 8.2449667E-002,-1.5868987E-001, 2.5622923E-003, 0.0000000E+000, 0.0000000E+000, 9.3720504E+000, 9.2968215E+000, 6.5693979E-004, 6.5693979E-004
 4.7065954E+000, 1.2510616E+001,-3.1798729E+000, 6.5388378E-002,-1.8096239E-001, 2.5611561E-003, 0.0000000E+000, 0.0000000E+000, 9.3569878E+000, 9.2177301E+000, 6.5697027E-004, 6.5697027E-004
 4.8316321E+000, 1.2505093E+001,-3.2244970E+000, 4.5777529E-002,-2.0781695E-001, 2.5599819E-003, 0.0000000E+000, 0.0000000E+000, 9.2911147E+000, 9.1211161E+000, 6.5699400E-004, 6.5699400E-004
 4.9566684E+000, 1.2502136E+001,-3.2937991E+000, 2.4331172E-002,-2.3878775E-001, 2.5589794E-003, 0.0000000E+000, 0.0000000E+000, 9.2106324E+000, 8.9964398E+000, 6.5701249E-004, 6.5701249E-004
 5.0817051E+000, 1.2500650E+001,-3.3306088E+000, 3.2300403E-003,-2.7167956E-001, 2.5582172E-003, 0.0000000E+000, 0.0000000E+000, 9.1040794E+000, 8.9041499E+000, 6.5702688E-004, 6.5702688E-004
 5.2067418E+000, 1.2499980E+001,-3.3609846E+000,-1.8382744E-002,-3.0434923E-001, 2.5577038E-003, 0.0000000E+000, 0.0000000E+000, 9.0303418E+000, 8.8188208E+000, 6.5703809E-004, 6.5703809E-004
 5.3317785E+000, 1.2499744E+001,-3.3561488E+000,-4.3704850E-002,-3.3515854E-001, 2.5573711E-003, 0.0000000E+000, 0.0000000E+000, 8.9614479E+000, 8.7672889E+000, 6.5704682E-004, 6.5704682E-004
 5.4568148E+000, 1.2499713E+001,-3.3590672E+000,-7.6123624E-002,-3.6408976E-001, 2.5571079E-003, 0.0000000E+000, 0.0000000E+000, 8.9211537E+000, 8.7029897E+000, 6.5705362E-004, 6.5705362E-004
 5.5818515E+000, 1.2499763E+001,-3.3568017E+000,-1.1601674E-001,-3.9066133E-001, 2.5568208E-003, 0.0000000E+000, 0.0000000E+000, 8.8656564E+000, 8.6388397E+000, 6.5705891E-004, 6.5705891E-004
 5.7068882E+000, 1.2499823E+001,-3.3496956E+000,-1.6900446E-001,-4.1533757E-001, 2.5564287E-003, 0.0000000E+000, 0.0000000E+000, 8.8082024E+000, 8.5683415E+000, 6.5706304E-004, 6.5706304E-004
 5.8319249E+000, 1.2499867E+001,-3.3414960E+000,-2.3651312E-001,-4.4057536E-001, 2.5558106E-003, 0.0000000E+000, 0.0000000E+000, 8.7386718E+000, 8.4838384E+000, 6.5706625E-004, 6.5706625E-004
 5.9569616E+000, 1.2499901E+001,-3.3340883E+000,-3.0995424E-001,-4.6458025E-001, 2.5549037E-003, 0.0000000E+000, 0.0000000E+000, 8.6588523E+000, 8.3938329E+000, 6.5706875E-004, 6.5706875E-004
 6.0945015E+000, 1.2191084E+001,-3.3261433E+000,-3.9286579E-001,-4.8873565E-001, 2.5536835E-003, 0.0000000E+000, 0.0000000E+000, 8.5730645E+000, 7.9858929E+000, 6.5707086E-004, 6.5707086E-004
 6.2320418E+000, 1.2332064E+001,-3.2450979E+000,-4.5544131E-001,-5.1047763E-001, 2.5520437E-003, 0.0000000E+000, 0.0000000E+000, 8.1784012E+000, 8.1235991E+000, 6.5707247E-004, 6.5707247E-004
 6.3695822E+000, 1.2408677E+001,-3.2645704E+000,-5.0732584E-001,-5.3213553E-001, 2.5494237E-003, 0.0000000E+000, 0.0000000E+000, 8.3315064E+000, 8.1071945E+000, 6.5707369E-004, 6.5707369E-004
 6.5071225E+000, 1.2450403E+001,-3.2932216E+000,-5.4537877E-001,-5.5282360E-001, 2.5465404E-003, 0.0000000E+000, 0.0000000E+000, 8.3280583E+000, 8.0615255E+000, 6.5707462E-004, 6.5707462E-004
 6.6446629E+000, 1.2473104E+001,-3.3253356E+000,-5.6843957E-001,-5.6934567E-001, 2.5434783E-003, 0.0000000E+000, 0.0000000E+000, 8.2960886E+000, 8.0125265E+000, 6.5707532E-004, 6.5707532E-004
 6.7822032E+000, 1.2485427E+001,-3.3517646E+000,-5.7859454E-001,-5.8252431E-001, 2.5406027E-003, 0.0000000E+000, 0.0000000E+000, 8.2548995E+000, 7.9750844E+000, 6.5707586E-004, 6.5707586E-004
 6.9197435E+000, 1.2492095E+001,-3.3672979E+000,-5.7676545E-001,-5.9321512E-001, 2.5385405E-003, 0.0000000E+000, 0.0000000E+000, 8.2190472E+000, 7.9573550E+000, 6.5707627E-004, 6.5707627E-004
 7.0572834E+000, 1.2495682E+001,-3.3815101E+000,-5.6298559E-001,-6.0320604E-001, 2.5378426E-003, 0.0000000E+000, 0.0000000E+000, 8.1968300E+000, 7.9505179E+000, 6.5707657E-004, 6.5707657E-004
 7.1948237E+000, 1.2497608E+001,-3.3921994E+000,-5.3820360E-001,-6.1263583E-001, 2.5382876E-003, 0.0000000E+000, 0.0000000E+000, 8.1789934E+000, 7.9571071E+000, 6.5707681E-004, 6.5707681E-004
 7.3323641E+000, 1.2498643E+001,-3.3971279E+000,-5.0217634E-001,-6.2388543E-001, 2.5392943E-003, 0.0000000E+000, 0.0000000E+000, 8.1650481E+000, 7.9779926E+000, 6.5707699E-004, 6.5707699E-004
 7.4699044E+000, 1.2499207E+001,-3.4038934E+000,-4.5432848E-001,-6.3459931E-001, 2.5403774E-003, 0.0000000E+000, 0.0000000E+000, 8.1598271E+000, 8.0089265E+000, 6.5707712E-004, 6.5707712E-004
 7.5933723E+000, 1.2856658E+001,-3.4105768E+000,-3.9472255E-001,-6.4567941E-001, 2.5412864E-003, 0.0000000E+000, 0.0000000E+000, 8.1531364E+000, 8.4082203E+000, 6.5707721E-004, 6.5707721E-004
 7.7168407E+000, 1.2706346E+001,-3.5054415E+000,-3.4072531E-001,-6.5783921E-001, 2.5424627E-003, 0.0000000E+000, 0.0000000E+000, 8.5128968E+000, 8.2048821E+000, 6.5707729E-004, 6.5707729E-004
 7.8403091E+000, 1.2619444E+001,-3.4973303E+000,-2.8362278E-001,-6.6955050E-001, 2.5437081E-003, 0.0000000E+000, 0.0000000E+000, 8.2645558E+000, 8.1714842E+000, 6.5707734E-004, 6.5707734E-004
 7.9637771E+000, 1.2569098E+001,-3.5224854E+000,-2.2923689E-001,-6.8121983E-001, 2.5461321E-003, 0.0000000E+000, 0.0000000E+000, 8.1845060E+000, 8.1387020E+000, 6.5707739E-004, 6.5707739E-004
 8.0872450E+000, 1.2539937E+001,-3.4647622E+000,-1.7797712E-001,-6.9239167E-001, 2.5491335E-003, 0.0000000E+000, 0.0000000E+000, 8.1078100E+000, 8.2073549E+000, 6.5707742E-004, 6.5707742E-004
 8.2107134E+000, 1.2523035E+001,-3.4406404E+000,-1.3350591E-001,-7.0325560E-001, 2.5519286E-003, 0.0000000E+000, 0.0000000E+000, 8.1363179E+000, 8.2481846E+000, 6.5707745E-004, 6.5707745E-004
 8.3341818E+000, 1.2513255E+001,-3.4264300E+000,-9.5982974E-002,-7.1354939E-001, 2.5540809E-003, 0.0000000E+000, 0.0000000E+000, 8.1420621E+000, 8.2798468E+000, 6.5707747E-004, 6.5707747E-004
 8.4576502E+000, 1.2507598E+001,-4.5908584E+000,-8.4223760E-002,-7.2339668E-001, 2.5556774E-003, 0.0000000E+000, 0.0000000E+000, 8.1444525E+000, 7.1116751E+000, 6.5707749E-004, 6.5707749E-004
 8.5811176E+000, 1.2504451E+001,-3.9478550E+000,-4.8395152E-002,-7.3275722E-001, 2.5570184E-003, 0.0000000E+000, 0.0000000E+000, 6.9528295E+000, 7.7780006E+000, 6.5707750E-004, 6.5707750E-004
 8.7045860E+000, 1.2502265E+001,-3.7690443E+000,-2.7374520E-002,-7.4366262E-001, 2.5574979E-003, 0.0000000E+000, 0.0000000E+000, 7.6008171E+000, 7.9647407E+000, 6.5707751E-004, 6.5707751E-004
 8.8280544E+000, 1.2501244E+001,-3.6928238E+000,-1.4827031E-002,-7.5820893E-001, 2.5578822E-003, 0.0000000E+000, 0.0000000E+000, 7.7741293E+000, 8.0379425E+000, 6.5707752E-004, 6.5707752E-004
 8.9515228E+000, 1.2500787E+001,-3.6581730E+000,-8.0149045E-003,-7.6879209E-001, 2.5583751E-003, 0.0000000E+000, 0.0000000E+000, 7.8446046E+000, 8.0683656E+000, 6.5707753E-004, 6.5707753E-004
 9.0749912E+000, 1.2500577E+001,-3.6263836E+000,-5.5846178E-003,-7.7947742E-001, 2.5589342E-003, 0.0000000E+000, 0.0000000E+000, 7.8738009E+000, 8.0916900E+000, 6.5707753E-004, 6.5707753E-004
 9.1984587E+000, 1.2500450E+001,-3.5755127E+000,-6.1610696E-003,-7.8966952E-001, 2.5594758E-003, 0.0000000E+000, 0.0000000E+000, 7.9006983E+000, 8.1316657E+000, 6.5707753E-004, 6.5707753E-004
 9.3219271E+000, 1.2500364E+001,-3.5267979E+000,-1.0008093E-002,-7.9916084E-001, 2.5599553E-003, 0.0000000E+000, 0.0000000E+000, 7.9478033E+000, 8.1669570E+000, 6.5707754E-004, 6.5707754E-004
 9.4453955E+000, 1.2500296E+001,-3.4690258E+000,-1.8306155E-002,-8.0665333E-001, 2.5603411E-003, 0.0000000E+000, 0.0000000E+000, 7.9918005E+000, 8.2088706E+000, 6.5707754E-004, 6.5707754E-004
 9.5688639E+000, 1.2500221E+001,-3.4012846E+000,-3.2364877E-002,-8.1487534E-001, 2.5605982E-003, 0.0000000E+000, 0.0000000E+000, 8.0425684E+000, 8.2542572E+000, 6.5707754E-004, 6.5707754E-004
 9.6923313E+000, 1.2500119E+001,-3.3447617E+000,-5.1789304E-002,-8.2234911E-001, 2.5607204E-003, 0.0000000E+000, 0.0000000E+000, 8.0960857E+000, 8.2837797E+000, 6.5707754E-004, 6.5707754E-004
 9.8157997E+000, 1.2499955E+001,-3.2967792E+000,-7.6310194E-002,-8.2938384E-001, 2.5607179E-003, 0.0000000E+000, 0.0000000E+000, 8.1330295E+000, 8.3000422E+000, 6.5707754E-004, 6.5707754E-004
 9.9392681E+000, 1.2499674E+001,-3.6720707E+000,-1.1611358E-001,-8.3615019E-001, 2.5605878E-003, 0.0000000E+000, 0.0000000E+000, 8.1538667E+000, 7.8779003E+000, 6.5707755E-004, 6.5707755E-004
 1.0062737E+001, 1.2499855E+001,-3.5306069E+000,-1.5325384E-001,-8.4056512E-001, 2.5603397E-003, 0.0000000E+000, 0.0000000E+000, 7.7327471E+000, 7.9779900E+000, 6.5707755E-004, 6.5707755E-004
 1.0186205E+001, 1.2498198E+001,-3.4344158E+000,-1.9498795E-001,-8.4602493E-001, 2.5599820E-003, 0.0000000E+000, 0.0000000E+000, 7.8294038E+000, 8.0253289E+000, 6.5707755E-004, 6.5707755E-004
 1.0309672E+001, 1.2497083E+001,-3.4575383E+000,-2.3702653E-001,-8.5288245E-001, 2.5595359E-003, 0.0000000E+000, 0.0000000E+000, 7.8708306E+000, 7.9521950E+000, 6.5707755E-004, 6.5707755E-004
 1.0433141E+001, 1.2496327E+001,-3.4372849E+000,-2.7220998E-001,-8.6049831E-001, 2.5590109E-003, 0.0000000E+000, 0.0000000E+000, 7.7895993E+000, 7.9288925E+000, 6.5707755E-004, 6.5707755E-004
 1.0556609E+001, 1.2495545E+001,-3.4139825E+000,-2.9962570E-001,-8.6973504E-001, 2.5584053E-003, 0.0000000E+000, 0.0000000E+000, 7.7557440E+000, 7.9147606E+000, 6.5707755E-004, 6.5707755E-004
 1.0680078E+001, 1.2494744E+001,-3.4162964E+000,-3.1985925E-001,-8.7946414E-001, 2.5577276E-003, 0.0000000E+000, 0.0000000E+000, 7.7294220E+000, 7.8816818E+000, 6.5707755E-004, 6.5707755E-004
 1.0803545E+001, 1.2494203E+001,-3.4177591E+000,-3.3485101E-001,-8.9026698E-001, 2.5569822E-003, 0.0000000E+000, 0.0000000E+000, 7.6813938E+000, 7.8538832E+000, 6.5707755E-004, 6.5707755E-004
 1.0927013E+001, 1.2494037E+001,-3.4322240E+000,-3.4717248E-001,-9.0173414E-001, 2.5561698E-003, 0.0000000E+000, 0.0000000E+000, 7.6370973E+000, 7.8154622E+000, 6.5707755E-004, 6.5707755E-004
 1.1050482E+001, 1.2494395E+001,-3.4702074E+000,-3.5671621E-001,-9.1337996E-001, 2.5553109E-003, 0.0000000E+000, 0.0000000E+000, 7.5822260E+000, 7.7566466E+000, 6.5707755E-004, 6.5707755E-004
 1.1173950E+001, 1.2495358E+001,-3.5323889E+000,-3.6993821E-001,-9.2464394E-001, 2.5544405E-003, 0.0000000E+000, 0.0000000E+000, 7.5096589E+000, 7.6709416E+000, 6.5707755E-004, 6.5707755E-004
 1.1297418E+001, 1.2496823E+001,-3.5570582E+000,-3.8395271E-001,-9.3523619E-001, 2.5536192E-003, 0.0000000E+000, 0.0000000E+000, 7.4105219E+000, 7.6231299E+000, 6.5707755E-004, 6.5707755E-004
 1.1433233E+001, 1.2193105E+001,-3.5901831E+000,-4.0654165E-001,-9.4565906E-001, 2.5528718E-003, 0.0000000E+000, 0.0000000E+000, 7.3510674E+000, 7.2532741E+000, 6.5707755E-004, 6.5707755E-004
 1.1569048E+001, 1.2332844E+001,-3.5401866E+000,-4.2184909E-001,-9.5431384E-001, 2.5522465E-003, 0.0000000E+000, 0.0000000E+000, 6.9729579E+000, 7.4190469E+000, 6.5707755E-004, 6.5707755E-004
 1.1704864E+001, 1.2409502E+001,-3.5674400E+000,-4.4351240E-001,-9.6141187E-001, 2.5517876E-003, 0.0000000E+000, 0.0000000E+000, 7.1339251E+000, 7.4396891E+000, 6.5707755E-004, 6.5707755E-004
 1.1840678E+001, 1.2451931E+001,-3.6057448E+000,-4.7937842E-001,-9.6760698E-001, 2.5515588E-003, 0.0000000E+000, 0.0000000E+000, 7.1523668E+000, 7.4017522E+000, 6.5707755E-004, 6.5707755E-004
 1.1976493E+001, 1.2474676E+001,-3.6268080E+000,-5.3535454E-001,-9.6769023E-001, 2.5515032E-003, 0.0000000E+000, 0.0000000E+000, 7.1154037E+000, 7.3473750E+000, 6.5707755E-004, 6.5707755E-004
 1.2112309E+001, 1.2486719E+001,-3.6377146E+000,-6.1053931E-001,-9.6515695E-001, 2.5515835E-003, 0.0000000E+000, 0.0000000E+000, 7.0613709E+000, 7.2758595E+000, 6.5707755E-004, 6.5707755E-004
 1.2248123E+001, 1.2493017E+001,-3.6131868E+000,-7.0336155E-001,-9.6284429E-001, 2.5517775E-003, 0.0000000E+000, 0.0000000E+000, 6.9911595E+000, 7.2161758E+000, 6.5707755E-004, 6.5707755E-004
 1.2383938E+001, 1.2496252E+001,-3.6206635E+000,-8.0527011E-001,-9.6081461E-001, 2.5520802E-003, 0.0000000E+000, 0.0000000E+000, 6.9392722E+000, 7.1120563E+000, 6.5707755E-004, 6.5707755E-004
 1.2519753E+001, 1.2497994E+001,-3.6110204E+000,-9.0992544E-001,-9.5866961E-001, 2.5524881E-003, 0.0000000E+000, 0.0000000E+000, 6.8488701E+000, 7.0209308E+000, 6.5707755E-004, 6.5707755E-004
 1.2669149E+001, 1.2166682E+001,-3.5833670E+000,-1.0196304E+000,-9.5542820E-001, 2.5529968E-003, 0.0000000E+000, 0.0000000E+000, 6.7694063E+000, 6.6108093E+000, 6.5707755E-004, 6.5707755E-004
 1.2818546E+001, 1.2327617E+001,-3.4685760E+000,-1.1158059E+000,-9.5450896E-001, 2.5534727E-003, 0.0000000E+000, 0.0000000E+000, 6.3837479E+000, 6.7912799E+000, 6.5707755E-004, 6.5707755E-004
 1.2967942E+001, 1.2409746E+001,-3.4597650E+000,-1.1860561E+000,-9.5893245E-001, 2.5538300E-003, 0.0000000E+000, 0.0000000E+000, 6.5854962E+000, 6.8075460E+000, 6.5707755E-004, 6.5707755E-004
 1.3117339E+001, 1.2452066E+001,-3.4713317E+000,-1.2626041E+000,-9.5988648E-001, 2.5542095E-003, 0.0000000E+000, 0.0000000E+000, 6.6383960E+000, 6.7607982E+000, 6.5707755E-004, 6.5707755E-004
 1.3266736E+001, 1.2473794E+001,-3.4827828E+000,-1.3103107E+000,-9.6193445E-001, 2.5546017E-003, 0.0000000E+000, 0.0000000E+000, 6.6157328E+000, 6.7213211E+000, 6.5707755E-004, 6.5707755E-004
 1.3416132E+001, 1.2484977E+001,-3.4847867E+000,-1.3619884E+000,-9.6406594E-001, 2.5550166E-003, 0.0000000E+000, 0.0000000E+000, 6.5985866E+000, 6.6766913E+000, 6.5707755E-004, 6.5707755E-004
 1.3565529E+001, 1.2490879E+001,-3.4854626E+000,-1.3994462E+000,-9.6645044E-001, 2.5554544E-003, 0.0000000E+000, 0.0000000E+000, 6.5815182E+000, 6.6420751E+000, 6.5707755E-004, 6.5707755E-004
 1.3714925E+001, 1.2494160E+001,-3.4769816E+000,-1.4380749E+000,-9.6916177E-001, 2.5558868E-003, 0.0000000E+000, 0.0000000E+000, 6.5579093E+000, 6.6124979E+000, 6.5707755E-004, 6.5707755E-004
 1.3864322E+001, 1.2496031E+001,-3.4646332E+000,-1.4798343E+000,-9.9065548E-001, 2.5562801E-003, 0.0000000E+000, 0.0000000E+000, 6.5335168E+000, 6.5634641E+000, 6.5707755E-004, 6.5707755E-004
 1.4013719E+001, 1.2496980E+001,-3.4569049E+000,-1.5350811E+000,-9.6909644E-001, 2.5565788E-003, 0.0000000E+000, 0.0000000E+000, 6.5265243E+000, 6.5384541E+000, 6.5707755E-004, 6.5707755E-004
 1.4163115E+001, 1.2497396E+001,-3.4476140E+000,-1.6054449E+000,-9.6956483E-001, 2.5567260E-003, 0.0000000E+000, 0.0000000E+000, 6.4746503E+000, 6.4773289E+000, 6.5707755E-004, 6.5707755E-004
 1.4312511E+001, 1.2497454E+001,-3.4449130E+000,-1.6806722E+000,-9.7149094E-001, 2.5566875E-003, 0.0000000E+000, 0.0000000E+000, 6.4185256E+000, 6.4029344E+000, 6.5707755E-004, 6.5707755E-004
 1.4461907E+001, 1.2497396E+001,-3.4576004E+000,-1.7504960E+000,-9.7924970E-001, 2.5564611E-003, 0.0000000E+000, 0.0000000E+000, 6.3573097E+000, 6.3126067E+000, 6.5707755E-004, 6.5707755E-004
 1.4611304E+001, 1.2497497E+001,-3.4698080E+000,-1.8004101E+000,-9.8282948E-001, 2.5560352E-003, 0.0000000E+000, 0.0000000E+000, 6.2748955E+000, 6.2470049E+000, 6.5707755E-004, 6.5707755E-004
 1.4760701E+001, 1.2497794E+001,-3.4846878E+000,-1.8714617E+000,-9.7594338E-001, 2.5554304E-003, 0.0000000E+000, 0.0000000E+000, 6.2224302E+000, 6.1682570E+000, 6.5707755E-004, 6.5707755E-004
 1.4910097E+001, 1.2498290E+001,-3.5080478E+000,-1.9159697E+000,-9.9875029E-001, 2.5546789E-003, 0.0000000E+000, 0.0000000E+000, 6.1262117E+000, 6.0780770E+000, 6.5707755E-004, 6.5707755E-004
 1.5059494E+001, 1.2498876E+001,-3.5280552E+000,-1.9388348E+000,-9.9033643E-001, 2.5538469E-003, 0.0000000E+000, 0.0000000E+000, 6.0838810E+000, 6.0442030E+000, 6.5707755E-004, 6.5707755E-004
 1.5208890E+001, 1.2499326E+001,-3.5459189E+000,-2.0102430E+000,-9.8120450E-001, 2.5530069E-003, 0.0000000E+000, 0.0000000E+000, 6.0645771E+000, 5.9645126E+000, 6.5707755E-004, 6.5707755E-004
 1.5358287E+001, 1.2499651E+001,-3.5612599E+000,-2.0311982E+000,-9.8273615E-001, 2.5522125E-003, 0.0000000E+000, 0.0000000E+000, 5.9873760E+000, 5.9270094E+000, 6.5707755E-004, 6.5707755E-004
 1.5507683E+001, 1.2499817E+001,-3.5750047E+000,-2.0466618E+000,-9.9654312E-001, 2.5515736E-003, 0.0000000E+000, 0.0000000E+000, 5.9571650E+000, 5.8841594E+000, 6.5707755E-004, 6.5707755E-004
 1.5657080E+001, 1.2499974E+001,-3.5833324E+000,-2.0800620E+000,-9.8578370E-001, 2.5511134E-003, 0.0000000E+000, 0.0000000E+000, 5.9493432E+000, 5.8533472E+000, 6.5707755E-004, 6.5707755E-004
 1.5806477E+001, 1.2500292E+001,-3.5830491E+000,-2.1021627E+000,-9.9661475E-001, 2.5508746E-003, 0.0000000E+000, 0.0000000E+000, 5.8957976E+000, 5.8210160E+000, 6.5707755E-004, 6.5707755E-004
 1.5955873E+001, 1.2500728E+001,-3.5771029E+000,-2.1126373E+000,-1.0123360E+000, 2.5508453E-003, 0.0000000E+000, 0.0000000E+000, 5.8678798E+000, 5.8012025E+000, 6.5707755E-004, 6.5707755E-004
 1.6105268E+001, 1.2501130E+001,-3.5666376E+000,-2.1125626E+000,-1.0187910E+000, 2.5509882E-003, 0.0000000E+000, 0.0000000E+000, 5.8857217E+000, 5.8056902E+000, 6.5707755E-004, 6.5707755E-004
 1.6254665E+001, 1.2501338E+001,-3.5509133E+000,-2.1315345E+000,-9.8835361E-001, 2.5512418E-003, 0.0000000E+000, 0.0000000E+000, 5.9156810E+000, 5.8330875E+000, 6.5707755E-004, 6.5707755E-004
 1.6404062E+001, 1.2501424E+001,-3.5349981E+000,-2.0847179E+000,-1.0103751E+000, 2.5516020E-003, 0.0000000E+000, 0.0000000E+000, 5.9332330E+000, 5.8738845E+000, 6.5707755E-004, 6.5707755E-004
 1.6553459E+001, 1.2501417E+001,-3.5202574E+000,-2.0526283E+000,-1.0100291E+000, 2.5520386E-003, 0.0000000E+000, 0.0000000E+000, 6.0021244E+000, 5.9210541E+000, 6.5707755E-004, 6.5707755E-004
 1.6702856E+001, 1.2501320E+001,-3.5073634E+000,-2.0079074E+000,-1.0318592E+000, 2.5525514E-003, 0.0000000E+000, 0.0000000E+000, 6.0244843E+000, 5.9567424E+000, 6.5707755E-004, 6.5707755E-004
 1.6852251E+001, 1.2501151E+001,-3.4999452E+000,-1.9674848E+000,-1.0229316E+000, 2.5531379E-003, 0.0000000E+000, 0.0000000E+000, 6.1142548E+000, 6.0133428E+000, 6.5707755E-004, 6.5707755E-004
 1.7001648E+001, 1.2500993E+001,-3.4968579E+000,-1.9471405E+000,-1.0228453E+000, 2.5538019E-003, 0.0000000E+000, 0.0000000E+000, 6.1905753E+000, 6.0367029E+000, 6.5707755E-004, 6.5707755E-004
 1.7151045E+001, 1.2500846E+001,-3.4969194E+000,-1.8982966E+000,-1.0236896E+000, 2.5545759E-003, 0.0000000E+000, 0.0000000E+000, 6.2108209E+000, 6.0844952E+000, 6.5707755E-004, 6.5707755E-004
 1.7300442E+001, 1.2500747E+001,-3.4969199E+000,-1.8614246E+000,-1.0374056E+000, 2.5553448E-003, 0.0000000E+000, 0.0000000E+000, 6.2468156E+000, 6.1075518E+000, 6.5707755E-004, 6.5707755E-004
 1.7449839E+001, 1.2500609E+001,-3.4965633E+000,-1.8345268E+000,-1.0252990E+000, 2.5561050E-003, 0.0000000E+000, 0.0000000E+000, 6.3037290E+000, 6.1467761E+000, 6.5707755E-004, 6.5707755E-004
 1.7599234E+001, 1.2500424E+001,-3.4987729E+000,-1.8061071E+000,-1.0228214E+000, 2.5567668E-003, 0.0000000E+000, 0.0000000E+000, 6.3321738E+000, 6.1752797E+000, 6.5707755E-004, 6.5707755E-004
 1.7748631E+001, 1.2500254E+001,-3.5002417E+000,-1.7944738E+000,-1.0254217E+000, 2.5572651E-003, 0.0000000E+000, 0.0000000E+000, 6.3418031E+000, 6.1826740E+000, 6.5707755E-004, 6.5707755E-004
 1.7898027E+001, 1.2500044E+001,-3.5032807E+000,-1.7879547E+000,-1.0513596E+000, 2.5575717E-003, 0.0000000E+000, 0.0000000E+000, 6.3300735E+000, 6.1600066E+000, 6.5707755E-004, 6.5707755E-004
 1.8047424E+001, 1.2499759E+001,-3.5150609E+000,-1.7726650E+000,-1.0350273E+000, 2.5576819E-003, 0.0000000E+000, 0.0000000E+000, 6.3421744E+000, 6.1795636E+000, 6.5707755E-004, 6.5707755E-004
 1.8196821E+001, 1.2499498E+001,-3.5270823E+000,-1.8164765E+000,-1.0385149E+000, 2.5576347E-003, 0.0000000E+000, 0.0000000E+000, 6.3462282E+000, 6.1199820E+000, 6.5707755E-004, 6.5707755E-004
 1.8346216E+001, 1.2499377E+001,-3.5399596E+000,-1.8592441E+000,-1.0416072E+000, 2.5574833E-003, 0.0000000E+000, 0.0000000E+000, 6.2625322E+000, 6.0611240E+000, 6.5707755E-004, 6.5707755E-004
 1.8495613E+001, 1.2499510E+001,-3.5529234E+000,-1.9017818E+000,-1.0448369E+000, 2.5572786E-003, 0.0000000E+000, 0.0000000E+000, 6.1953496E+000, 6.0025250E+000, 6.5707755E-004, 6.5707755E-004
 1.8645010E+001, 1.2499815E+001,-3.5626800E+000,-1.9917520E+000,-1.0454701E+000, 2.5570640E-003, 0.0000000E+000, 0.0000000E+000, 6.1363633E+000, 5.9024703E+000, 6.5707755E-004, 6.5707755E-004
 1.8794407E+001, 1.2500139E+001,-3.5682224E+000,-2.0625319E+000,-1.0465104E+000, 2.5568763E-003, 0.0000000E+000, 0.0000000E+000, 6.0252625E+000, 5.8254308E+000, 6.5707755E-004, 6.5707755E-004
 1.8943802E+001, 1.2500353E+001,-3.5674633E+000,-2.1087259E+000,-1.0469940E+000, 2.5567493E-003, 0.0000000E+000, 0.0000000E+000, 5.9502484E+000, 5.7797266E+000, 6.5707755E-004, 6.5707755E-004
 1.9093199E+001, 1.2500426E+001,-3.5666891E+000,-2.1621003E+000,-1.0471698E+000, 2.5566875E-003, 0.0000000E+000, 0.0000000E+000, 5.9156455E+000, 5.7270239E+000, 6.5707755E-004, 6.5707755E-004
 1.9242596E+001, 1.2500436E+001,-3.5647393E+000,-2.1616883E+000,-1.0476463E+000, 2.5566927E-003, 0.0000000E+000, 0.0000000E+000, 5.8794721E+000, 5.7289192E+000, 6.5707755E-004, 6.5707755E-004
 1.9391993E+001, 1.2500475E+001,-3.5603713E+000,-2.1265953E+000,-1.0485920E+000, 2.5567265E-003, 0.0000000E+000, 0.0000000E+000, 5.8912686E+000, 5.7674733E+000, 6.5707755E-004, 6.5707755E-004
 1.9541389E+001, 1.2500286E+001,-3.5585517E+000,-2.1025839E+000,-1.0486158E+000, 2.5568185E-003, 0.0000000E+000, 0.0000000E+000, 5.9331543E+000, 5.7930919E+000, 6.5707755E-004, 6.5707755E-004
 1.9690784E+001, 1.2500099E+001,-3.5577954E+000,-2.0564177E+000,-1.0485185E+000, 2.5569216E-003, 0.0000000E+000, 0.0000000E+000, 5.9617350E+000, 5.8399247E+000, 6.5707755E-004, 6.5707755E-004
 1.9840181E+001, 1.2499967E+001,-3.5560115E+000,-2.0200574E+000,-1.0474308E+000, 2.5570166E-003, 0.0000000E+000, 0.0000000E+000, 6.0090670E+000, 5.8790249E+000, 6.5707755E-004, 6.5707755E-004
 1.9989578E+001, 1.2499873E+001,-3.5583082E+000,-1.9608674E+000,-1.0482662E+000, 2.5570816E-003, 0.0000000E+000, 0.0000000E+000, 6.0463176E+000, 5.9349884E+000, 6.5707755E-004, 6.5707755E-004
 2.0138975E+001, 1.2499857E+001,-3.5623300E+000,-1.9195837E+000,-1.0529399E+000, 2.5570984E-003, 0.0000000E+000, 0.0000000E+000, 6.1018671E+000, 5.9675606E+000, 6.5707755E-004, 6.5707755E-004
 2.0288372E+001, 1.2499920E+001,-3.5654550E+000,-1.8600502E+000,-1.0571307E+000, 2.5570610E-003, 0.0000000E+000, 0.0000000E+000, 6.1345822E+000, 6.0198410E+000, 6.5707755E-004, 6.5707755E-004
 2.0437767E+001, 1.2500009E+001,-3.5726652E+000,-1.8240036E+000,-1.0612094E+000, 2.5569672E-003, 0.0000000E+000, 0.0000000E+000, 6.1883344E+000, 6.0446878E+000, 6.5707755E-004, 6.5707755E-004
 2.0587164E+001, 1.2500086E+001,-3.5813594E+000,-1.7705955E+000,-1.0637807E+000, 2.5568157E-003, 0.0000000E+000, 0.0000000E+000, 6.2073509E+000, 6.0869070E+000, 6.5707755E-004, 6.5707755E-004
 2.0736561E+001, 1.2500146E+001,-3.5884110E+000,-1.7447762E+000,-1.0658501E+000, 2.5566147E-003, 0.0000000E+000, 0.0000000E+000, 6.2461017E+000, 6.1036651E+000, 6.5707755E-004, 6.5707755E-004
 2.0885958E+001, 1.2500209E+001,-3.5987297E+000,-1.7069071E+000,-1.0736791E+000, 2.5563753E-003, 0.0000000E+000, 0.0000000E+000, 6.2533575E+000, 6.1234490E+000, 6.5707755E-004, 6.5707755E-004
 2.1035355E+001, 1.2500220E+001,-3.6084532E+000,-1.6954032E+000,-1.0795030E+000, 2.5561042E-003, 0.0000000E+000, 0.0000000E+000, 6.2729082E+000, 6.1194170E+000, 6.5707755E-004, 6.5707755E-004
 2.1184750E+001, 1.2500302E+001,-3.6130720E+000,-1.6696743E+000,-1.0852093E+000, 2.5558100E-003, 0.0000000E+000, 0.0000000E+000, 6.2606218E+000, 6.1349018E+000, 6.5707755E-004, 6.5707755E-004
 2.1334146E+001, 1.2500445E+001,-3.6184352E+000,-1.6698742E+000,-1.0879886E+000, 2.5555017E-003, 0.0000000E+000, 0.0000000E+000, 6.2739664E+000, 6.1267024E+000, 6.5707755E-004, 6.5707755E-004
 2.1483543E+001, 1.2500454E+001,-3.6219819E+000,-1.6564915E+000,-1.0924694E+000, 2.5551824E-003, 0.0000000E+000, 0.0000000E+000, 6.2563293E+000, 6.1320666E+000, 6.5707755E-004, 6.5707755E-004
 2.1632940E+001, 1.2500399E+001,-3.6202726E+000,-1.6666981E+000,-1.0965436E+000, 2.5548451E-003, 0.0000000E+000, 0.0000000E+000, 6.2579713E+000, 6.1194394E+000, 6.5707755E-004, 6.5707755E-004
 2.1782337E+001, 1.2500323E+001,-3.6192474E+000,-1.6634304E+000,-1.1230529E+000, 2.5544944E-003, 0.0000000E+000, 0.0000000E+000, 6.2228504E+000, 6.0971468E+000, 6.5707755E-004, 6.5707755E-004
 2.1931732E+001, 1.2500221E+001,-3.6173311E+000,-1.6857070E+000,-1.1089233E+000, 2.5541231E-003, 0.0000000E+000, 0.0000000E+000, 6.2221647E+000, 6.0908142E+000, 6.5707755E-004, 6.5707755E-004
 2.2081129E+001, 1.2500100E+001,-3.6114775E+000,-1.6825395E+000,-1.1388917E+000, 2.5537334E-003, 0.0000000E+000, 0.0000000E+000, 6.1853804E+000, 6.0697447E+000, 6.5707755E-004, 6.5707755E-004
 2.2230526E+001, 1.2499968E+001,-3.6090518E+000,-1.6916119E+000,-1.1207562E+000, 2.5533374E-003, 0.0000000E+000, 0.0000000E+000, 6.1883661E+000, 6.0811016E+000, 6.5707755E-004, 6.5707755E-004
 2.2379923E+001, 1.2499861E+001,-4.2754322E+000,-1.7279286E+000,-1.1228947E+000, 2.5529465E-003, 0.0000000E+000, 0.0000000E+000, 6.1778198E+000, 5.3761588E+000, 6.5707755E-004, 6.5707755E-004
 2.2529320E+001, 1.2500094E+001,-3.9866379E+000,-1.7177742E+000,-1.1198732E+000, 2.5527039E-003, 0.0000000E+000, 0.0000000E+000, 5.4530998E+000, 5.6783609E+000, 6.5707755E-004, 6.5707755E-004
 2.2678715E+001, 1.2499314E+001,-3.8877157E+000,-1.7394923E+000,-1.1272287E+000, 2.5520932E-003, 0.0000000E+000, 0.0000000E+000, 5.7394713E+000, 5.7474291E+000, 6.5707755E-004, 6.5707755E-004
 2.2828112E+001, 1.2499314E+001,-3.8404876E+000,-1.7276430E+000,-1.1382346E+000, 2.5516819E-003, 0.0000000E+000, 0.0000000E+000, 5.7930357E+000, 5.7955006E+000, 6.5707755E-004, 6.5707755E-004
 2.2977509E+001, 1.2499613E+001,-3.7882474E+000,-1.7329404E+000,-1.1391044E+000, 2.5514610E-003, 0.0000000E+000, 0.0000000E+000, 5.8301658E+000, 5.8418727E+000, 6.5707755E-004, 6.5707755E-004
 2.3126905E+001, 1.2499874E+001,-3.7464171E+000,-1.7241005E+000,-1.1644863E+000, 2.5513521E-003, 0.0000000E+000, 0.0000000E+000, 5.8354009E+000, 5.8674212E+000, 6.5707755E-004, 6.5707755E-004
 2.3276302E+001, 1.2500014E+001,-3.7080861E+000,-1.7410330E+000,-1.1451178E+000, 2.5512983E-003, 0.0000000E+000, 0.0000000E+000, 5.8672064E+000, 5.9083287E+000, 6.5707755E-004, 6.5707755E-004
 2.3425697E+001, 1.2500033E+001,-3.1307632E+000,-1.7287651E+000,-1.1733249E+000, 2.5512648E-003, 0.0000000E+000, 0.0000000E+000, 5.8583207E+000, 6.4697311E+000, 6.5707755E-004, 6.5707755E-004
 2.3575094E+001, 1.2499628E+001,-3.3027227E+000,-1.7589615E+000,-1.1529294E+000, 2.5511215E-003, 0.0000000E+000, 0.0000000E+000, 6.4275178E+000, 6.2875653E+000, 6.5707755E-004, 6.5707755E-004
 2.3724491E+001, 1.2500340E+001,-3.3672600E+000,-1.7709312E+000,-1.1591475E+000, 2.5513431E-003, 0.0000000E+000, 0.0000000E+000, 6.2114560E+000, 6.2055529E+000, 6.5707755E-004, 6.5707755E-004
 2.3873888E+001, 1.2500321E+001,-3.7521162E+000,-1.7930317E+000,-1.1683952E+000, 2.5514819E-003, 0.0000000E+000, 0.0000000E+000, 6.1191511E+000, 5.7893295E+000, 6.5707755E-004, 6.5707755E-004
 2.4023285E+001, 1.2500571E+001,-3.6699942E+000,-1.7911290E+000,-1.1660464E+000, 2.5515493E-003, 0.0000000E+000, 0.0000000E+000, 5.6904093E+000, 5.8759529E+000, 6.5707755E-004, 6.5707755E-004
 2.4172680E+001, 1.2499594E+001,-3.6426790E+000,-1.8057617E+000,-1.1916324E+000, 2.5515448E-003, 0.0000000E+000, 0.0000000E+000, 5.7573367E+000, 5.8620729E+000, 6.5707755E-004, 6.5707755E-004
 2.4322077E+001, 1.2499437E+001,-3.6301149E+000,-1.8150028E+000,-1.1731226E+000, 2.5515898E-003, 0.0000000E+000, 0.0000000E+000, 5.7748858E+000, 5.8837487E+000, 6.5707755E-004, 6.5707755E-004
 2.4471474E+001, 1.2499943E+001,-3.6048194E+000,-1.8001700E+000,-1.1781654E+000, 2.5517022E-003, 0.0000000E+000, 0.0000000E+000, 5.7656543E+000, 5.9193402E+000, 6.5707755E-004, 6.5707755E-004
 2.4620871E+001, 1.2500662E+001,-3.6212408E+000,-1.8006900E+000,-1.1833032E+000, 2.5519765E-003, 0.0000000E+000, 0.0000000E+000, 5.8047436E+000, 5.8979805E+000, 6.5707755E-004, 6.5707755E-004
 2.4770266E+001, 1.2501487E+001,-3.6428627E+000,-1.8032102E+000,-1.1822231E+000, 2.5524517E-003, 0.0000000E+000, 0.0000000E+000, 5.7714820E+000, 5.8757430E+000, 6.5707755E-004, 6.5707755E-004
 2.4919662E+001, 1.2502101E+001,-3.6479054E+000,-1.7913160E+000,-1.1872872E+000, 2.5531368E-003, 0.0000000E+000, 0.0000000E+000, 5.7480335E+000, 5.8781458E+000, 6.5707755E-004, 6.5707755E-004
 2.5069059E+001, 1.2502496E+001,-3.6491241E+000,-1.8074650E+000,-1.1887097E+000, 2.5539925E-003, 0.0000000E+000, 0.0000000E+000, 5.7458041E+000, 5.8597511E+000, 6.5707755E-004, 6.5707755E-004
 2.5218456E+001, 1.2502838E+001,-3.6577482E+000,-1.8312617E+000,-1.1919000E+000, 2.5549764E-003, 0.0000000E+000, 0.0000000E+000, 5.7221008E+000, 5.8244827E+000, 6.5707755E-004, 6.5707755E-004
 2.5367853E+001, 1.2502808E+001,-3.6805653E+000,-1.8619783E+000,-1.1911857E+000, 2.5560044E-003, 0.0000000E+000, 0.0000000E+000, 5.6830263E+000, 5.7716344E+000, 6.5707755E-004, 6.5707755E-004
 2.5517248E+001, 1.2502580E+001,-3.6683629E+000,-1.8877901E+000,-1.1951783E+000, 2.5570072E-003, 0.0000000E+000, 0.0000000E+000, 5.6177049E+000, 5.7538057E+000, 6.5707755E-004, 6.5707755E-004
 2.5666645E+001, 1.2502167E+001,-3.6459214E+000,-1.9296671E+000,-1.1955205E+000, 2.5579111E-003, 0.0000000E+000, 0.0000000E+000, 5.5999777E+000, 5.7336165E+000, 6.5707755E-004, 6.5707755E-004
 2.5816042E+001, 1.2501793E+001,-3.2679215E+000,-1.9601661E+000,-1.1897099E+000, 2.5586766E-003, 0.0000000E+000, 0.0000000E+000, 5.5739991E+000, 6.0865546E+000, 6.5707755E-004, 6.5707755E-004
 2.5965439E+001, 1.2501020E+001,-3.3781528E+000,-2.0045541E+000,-1.1954031E+000, 2.5592734E-003, 0.0000000E+000, 0.0000000E+000, 5.9190854E+000, 5.9254692E+000, 6.5707755E-004, 6.5707755E-004
 2.6114836E+001, 1.2501464E+001,-2.8493179E+000,-2.0416896E+000,-1.1893649E+000, 2.5596399E-003, 0.0000000E+000, 0.0000000E+000, 5.7611909E+000, 6.4236509E+000, 6.5707755E-004, 6.5707755E-004
 2.6264231E+001, 1.2500990E+001,-3.1034242E+000,-2.0954489E+000,-1.1821350E+000, 2.5597097E-003, 0.0000000E+000, 0.0000000E+000, 6.2475075E+000, 6.1225410E+000, 6.5707755E-004, 6.5707755E-004
 2.6413628E+001, 1.2501024E+001,-3.2161255E+000,-2.1671698E+000,-1.1854537E+000, 2.5597569E-003, 0.0000000E+000, 0.0000000E+000, 5.9412382E+000, 5.9348351E+000, 6.5707755E-004, 6.5707755E-004
 2.6563025E+001, 1.2500129E+001,-3.2902045E+000,-2.2236105E+000,-1.2022513E+000, 2.5595818E-003, 0.0000000E+000, 0.0000000E+000, 5.7461690E+000, 5.7866225E+000, 6.5707755E-004, 6.5707755E-004
 2.6712421E+001, 1.2499069E+001,-3.3312130E+000,-2.3116010E+000,-1.1812523E+000, 2.5592698E-003, 0.0000000E+000, 0.0000000E+000, 5.6139672E+000, 5.6775616E+000, 6.5707755E-004, 6.5707755E-004
 2.6861818E+001, 1.2498303E+001,-3.3664810E+000,-2.3930693E+000,-1.1797992E+000, 2.5589359E-003, 0.0000000E+000, 0.0000000E+000, 5.4955153E+000, 5.5615128E+000, 6.5707755E-004, 6.5707755E-004
 2.7011213E+001, 1.2498014E+001,-3.4079511E+000,-2.4755897E+000,-1.1798396E+000, 2.5586867E-003, 0.0000000E+000, 0.0000000E+000, 5.3823184E+000, 5.4371926E+000, 6.5707755E-004, 6.5707755E-004
 2.7160610E+001, 1.2498166E+001,-3.4362965E+000,-2.5570477E+000,-1.1777271E+000, 2.5586065E-003, 0.0000000E+000, 0.0000000E+000, 5.2611703E+000, 5.3296537E+000, 6.5707755E-004, 6.5707755E-004
 2.7310007E+001, 1.2498736E+001,-3.4629388E+000,-2.6310246E+000,-1.1776762E+000, 2.5587332E-003, 0.0000000E+000, 0.0000000E+000, 5.1580620E+000, 5.2296549E+000, 6.5707755E-004, 6.5707755E-004
 2.7459404E+001, 1.2499501E+001,-3.4914301E+000,-2.6916123E+000,-1.1795662E+000, 2.5590562E-003, 0.0000000E+000, 0.0000000E+000, 5.0595846E+000, 5.1394511E+000, 6.5707755E-004, 6.5707755E-004
 2.7608801E+001, 1.2500168E+001,-3.5047673E+000,-2.7377265E+000,-1.1820949E+000, 2.5595418E-003, 0.0000000E+000, 0.0000000E+000, 4.9911767E+000, 5.0781387E+000, 6.5707755E-004, 6.5707755E-004
 2.7758196E+001, 1.2500541E+001,-3.5155366E+000,-2.8081563E+000,-1.1937145E+000, 2.5601190E-003, 0.0000000E+000, 0.0000000E+000, 4.9410508E+000, 4.9856938E+000, 6.5707755E-004, 6.5707755E-004
 2.7907593E+001, 1.2500546E+001,-3.5270529E+000,-2.8336788E+000,-1.1953369E+000, 2.5607150E-003, 0.0000000E+000, 0.0000000E+000, 4.8816717E+000, 4.9470383E+000, 6.5707755E-004, 6.5707755E-004
 2.8056990E+001, 1.2500068E+001,-3.5247155E+000,-2.8488476E+000,-1.1852031E+000, 2.5612459E-003, 0.0000000E+000, 0.0000000E+000, 4.8475753E+000, 4.9438631E+000, 6.5707755E-004, 6.5707755E-004
 2.8206387E+001, 1.2499300E+001,-3.5194790E+000,-2.8585356E+000,-1.1975473E+000, 2.5616741E-003, 0.0000000E+000, 0.0000000E+000, 4.8572695E+000, 4.9262995E+000, 6.5707755E-004, 6.5707755E-004
 2.8355783E+001, 1.2498526E+001,-3.4930287E+000,-2.8480235E+000,-1.1989290E+000, 2.5619653E-003, 0.0000000E+000, 0.0000000E+000, 4.8762830E+000, 4.9611071E+000, 6.5707755E-004, 6.5707755E-004
 2.8505178E+001, 1.2498041E+001,-3.4918417E+000,-2.8590016E+000,-1.2027723E+000, 2.5621424E-003, 0.0000000E+000, 0.0000000E+000, 4.9344812E+000, 4.9469871E+000, 6.5707755E-004, 6.5707755E-004
 2.8654575E+001, 1.2498005E+001,-4.3765372E+000,-2.8317181E+000,-1.1921024E+000, 2.5622499E-003, 0.0000000E+000, 0.0000000E+000, 4.9567814E+000, 4.1002091E+000, 6.5707755E-004, 6.5707755E-004
 2.8803972E+001, 1.2498900E+001,-3.9502866E+000,-2.7689561E+000,-1.1989450E+000, 2.5624499E-003, 0.0000000E+000, 0.0000000E+000, 4.1173438E+000, 4.5832743E+000, 6.5707755E-004, 6.5707755E-004
 2.8953369E+001, 1.2497889E+001,-3.8213306E+000,-2.7282317E+000,-1.2446965E+000, 2.5622749E-003, 0.0000000E+000, 0.0000000E+000, 4.6089457E+000, 4.7061929E+000, 6.5707755E-004, 6.5707755E-004
 2.9102766E+001, 1.2498508E+001,-3.7753447E+000,-2.6626009E+000,-1.2280040E+000, 2.5622574E-003, 0.0000000E+000, 0.0000000E+000, 4.8009891E+000, 4.8351211E+000, 6.5707755E-004, 6.5707755E-004
 2.9252161E+001, 1.2499603E+001,-3.7397821E+000,-2.5885075E+000,-1.2392057E+000, 2.5623470E-003, 0.0000000E+000, 0.0000000E+000, 4.9371539E+000, 4.9346702E+000, 6.5707755E-004, 6.5707755E-004
 2.9401558E+001, 1.2500280E+001,-3.7307533E+000,-2.5760616E+000,-1.2477846E+000, 2.5624871E-003, 0.0000000E+000, 0.0000000E+000, 5.0464094E+000, 4.9482425E+000, 6.5707755E-004, 6.5707755E-004
 2.9550955E+001, 1.2500490E+001,-3.7278929E+000,-2.4913584E+000,-1.2581918E+000, 2.5626282E-003, 0.0000000E+000, 0.0000000E+000, 5.0762775E+000, 5.0256096E+000, 6.5707755E-004, 6.5707755E-004
 2.9700352E+001, 1.2500293E+001,-3.7105250E+000,-2.4596907E+000,-1.2644795E+000, 2.5627190E-003, 0.0000000E+000, 0.0000000E+000, 5.1593026E+000, 5.0681609E+000, 6.5707755E-004, 6.5707755E-004
 2.9849747E+001, 1.2500078E+001,-3.7101773E+000,-2.3934777E+000,-1.2949198E+000, 2.5627481E-003, 0.0000000E+000, 0.0000000E+000, 5.1797421E+000, 5.1040655E+000, 6.5707755E-004, 6.5707755E-004
 2.9999144E+001, 1.2500088E+001,-3.7125389E+000,-2.3835746E+000,-1.2776371E+000, 2.5627287E-003, 0.0000000E+000, 0.0000000E+000, 5.2547500E+000, 5.1288998E+000, 6.5707755E-004, 6.5707755E-004
 3.0148540E+001, 1.2500297E+001,-3.7012723E+000,-2.3279119E+000,-1.3043208E+000, 2.5626785E-003, 0.0000000E+000, 0.0000000E+000, 5.2458554E+000, 5.1693551E+000, 6.5707755E-004, 6.5707755E-004
 3.0297937E+001, 1.2500603E+001,-3.7052374E+000,-2.3132488E+000,-1.2929533E+000, 2.5626105E-003, 0.0000000E+000, 0.0000000E+000, 5.3241613E+000, 5.1917262E+000, 6.5707755E-004, 6.5707755E-004
 3.0447334E+001, 1.2500809E+001,-3.7102829E+000,-2.2659729E+000,-1.3157457E+000, 2.5625383E-003, 0.0000000E+000, 0.0000000E+000, 5.3199694E+000, 5.2113705E+000, 6.5707755E-004, 6.5707755E-004
 3.0596729E+001, 1.2500927E+001,-3.7006873E+000,-2.2578887E+000,-1.3055507E+000, 2.5624755E-003, 0.0000000E+000, 0.0000000E+000, 5.3717102E+000, 5.2393624E+000, 6.5707755E-004, 6.5707755E-004
 3.0746126E+001, 1.2501057E+001,-3.7042126E+000,-2.2165321E+000,-1.3186817E+000, 2.5624178E-003, 0.0000000E+000, 0.0000000E+000, 5.3847770E+000, 5.2641927E+000, 6.5707755E-004, 6.5707755E-004
 3.0895523E+001, 1.2501118E+001,-3.7088427E+000,-2.1788731E+000,-1.3134242E+000, 2.5623924E-003, 0.0000000E+000, 0.0000000E+000, 5.4139362E+000, 5.3025406E+000, 6.5707755E-004, 6.5707755E-004
 3.1044920E+001, 1.2501208E+001,-3.7171551E+000,-2.1500878E+000,-1.3170400E+000, 2.5623976E-003, 0.0000000E+000, 0.0000000E+000, 5.4382183E+000, 5.3194871E+000, 6.5707755E-004, 6.5707755E-004
 3.1194317E+001, 1.2501337E+001,-3.7214742E+000,-2.1074939E+000,-1.3360527E+000, 2.5624088E-003, 0.0000000E+000, 0.0000000E+000, 5.4303386E+000, 5.3388785E+000, 6.5707755E-004, 6.5707755E-004
 3.1343712E+001, 1.2501346E+001,-3.7249703E+000,-2.0973844E+000,-1.3238166E+000, 2.5623982E-003, 0.0000000E+000, 0.0000000E+000, 5.4661966E+000, 5.3577372E+000, 6.5707755E-004, 6.5707755E-004
 3.1493109E+001, 1.2501271E+001,-3.7260143E+000,-2.0600216E+000,-1.3386249E+000, 2.5623282E-003, 0.0000000E+000, 0.0000000E+000, 5.4552024E+000, 5.3791721E+000, 6.5707755E-004, 6.5707755E-004
 3.1642506E+001, 1.2501153E+001,-3.7289040E+000,-2.0501972E+000,-1.3331703E+000, 2.5621455E-003, 0.0000000E+000, 0.0000000E+000, 5.4957481E+000, 5.3914436E+000, 6.5707755E-004, 6.5707755E-004
 3.1791903E+001, 1.2501114E+001,-3.7327183E+000,-2.0226412E+000,-1.3384519E+000, 2.5618015E-003, 0.0000000E+000, 0.0000000E+000, 5.5007148E+000, 5.4098648E+000, 6.5707755E-004, 6.5707755E-004
 3.1941299E+001, 1.2501274E+001,-3.7333991E+000,-1.9952056E+000,-1.3357200E+000, 2.5612808E-003, 0.0000000E+000, 0.0000000E+000, 5.5236063E+000, 5.4395105E+000, 6.5707755E-004, 6.5707755E-004
 3.2090694E+001, 1.2501560E+001,-3.7395491E+000,-1.9483494E+000,-1.3371047E+000, 2.5605633E-003, 0.0000000E+000, 0.0000000E+000, 5.5402052E+000, 5.4791173E+000, 6.5707755E-004, 6.5707755E-004
 3.2240093E+001, 1.2501841E+001,-3.7512715E+000,-1.9276379E+000,-1.3383732E+000, 2.5596668E-003, 0.0000000E+000, 0.0000000E+000, 5.5788077E+000, 5.4871178E+000, 6.5707755E-004, 6.5707755E-004
 3.2389488E+001, 1.2502007E+001,-3.3660453E+000,-1.8684452E+000,-1.3404459E+000, 2.5585984E-003, 0.0000000E+000, 0.0000000E+000, 5.5870476E+000, 5.9296287E+000, 6.5707755E-004, 6.5707755E-004
 3.2538883E+001, 1.2501420E+001,-3.5341509E+000,-1.8370388E+000,-1.3458077E+000, 2.5573271E-003, 0.0000000E+000, 0.0000000E+000, 6.0221319E+000, 5.7869804E+000, 6.5707755E-004, 6.5707755E-004
 3.2688282E+001, 1.2502034E+001,-3.6593753E+000,-1.7922895E+000,-1.3492196E+000, 2.5558573E-003, 0.0000000E+000, 0.0000000E+000, 5.8804006E+000, 5.7037054E+000, 6.5707755E-004, 6.5707755E-004
 3.2837677E+001, 1.2501826E+001,-2.9658595E+000,-1.7410850E+000,-1.3511232E+000, 2.5541548E-003, 0.0000000E+000, 0.0000000E+000, 5.7944159E+000, 6.4463125E+000, 6.5707755E-004, 6.5707755E-004
 3.2987076E+001, 1.2501239E+001,-4.0786421E+000,-1.7344250E+000,-1.3517468E+000, 2.5516642E-003, 0.0000000E+000, 0.0000000E+000, 6.5366373E+000, 5.3389765E+000, 6.5707755E-004, 6.5707755E-004
 3.3136471E+001, 1.2501211E+001,-3.8675290E+000,-1.6949181E+000,-1.3514031E+000, 2.5475564E-003, 0.0000000E+000, 0.0000000E+000, 5.4238966E+000, 5.5899080E+000, 6.5707755E-004, 6.5707755E-004
 3.3285866E+001, 1.2500761E+001,-3.8051723E+000,-1.6722910E+000,-1.3517098E+000, 2.5375713E-003, 0.0000000E+000, 0.0000000E+000, 5.6744166E+000, 5.6741250E+000, 6.5707755E-004, 6.5707755E-004
 3.3435265E+001, 1.2500522E+001,-3.7954723E+000,-1.6438431E+000,-1.3483462E+000, 2.5032822E-003, 0.0000000E+000, 0.0000000E+000, 5.7522917E+000, 5.7153642E+000, 6.5707755E-004, 6.5707755E-004
 3.3584660E+001, 1.2500346E+001,-3.7994370E+000,-1.6310402E+000,-1.3541082E+000, 2.4936271E-003, 0.0000000E+000, 0.0000000E+000, 5.7883421E+000, 5.7182544E+000, 6.5707755E-004, 6.5707755E-004
 3.3734058E+001, 1.2500215E+001,-3.7841311E+000,-1.6108983E+000,-1.3559549E+000, 2.5374516E-003, 0.0000000E+000, 0.0000000E+000, 5.7930636E+000, 5.7517679E+000, 6.5707755E-004, 6.5707755E-004
 3.3883453E+001, 1.2500110E+001,-3.7763690E+000,-1.5959853E+000,-1.3589445E+000, 2.5496441E-003, 0.0000000E+000, 0.0000000E+000, 5.8248028E+000, 5.7713613E+000, 6.5707755E-004, 6.5707755E-004
 3.4032848E+001, 1.2500056E+001,-3.7772970E+000,-1.5887579E+000,-1.3638790E+000, 2.5542463E-003, 0.0000000E+000, 0.0000000E+000, 5.8427151E+000, 5.7726758E+000, 6.5707755E-004, 6.5707755E-004
 3.4182247E+001, 1.2500049E+001,-3.7670270E+000,-1.5760122E+000,-1.3694066E+000, 2.5565874E-003, 0.0000000E+000, 0.0000000E+000, 5.8421391E+000, 5.7901600E+000, 6.5707755E-004, 6.5707755E-004
 3.4331642E+001, 1.2500060E+001,-3.7610385E+000,-1.5635890E+000,-1.3732682E+000, 2.5579913E-003, 0.0000000E+000, 0.0000000E+000, 5.8596957E+000, 5.8047218E+000, 6.5707755E-004, 6.5707755E-004
 3.4481041E+001, 1.2500070E+001,-3.7547564E+000,-1.5560315E+000,-1.3797033E+000, 2.5589305E-003, 0.0000000E+000, 0.0000000E+000, 5.8698301E+000, 5.8121378E+000, 6.5707755E-004, 6.5707755E-004
 3.4630436E+001, 1.2500088E+001,-3.7264835E+000,-1.5421021E+000,-1.3857977E+000, 2.5596270E-003, 0.0000000E+000, 0.0000000E+000, 5.8767143E+000, 5.8482643E+000, 6.5707755E-004, 6.5707755E-004
 3.4779831E+001, 1.2500106E+001,-3.7147702E+000,-1.5298185E+000,-1.3933173E+000, 2.5602057E-003, 0.0000000E+000, 0.0000000E+000, 5.9052346E+000, 5.8647599E+000, 6.5707755E-004, 6.5707755E-004
 3.4929230E+001, 1.2500128E+001,-3.7060631E+000,-1.5201215E+000,-1.3979192E+000, 2.5607466E-003, 0.0000000E+000, 0.0000000E+000, 5.9153987E+000, 5.8785852E+000, 6.5707755E-004, 6.5707755E-004
 3.5078625E+001, 1.2500150E+001,-3.6348559E+000,-1.5104523E+000,-1.4067183E+000, 2.5612717E-003, 0.0000000E+000, 0.0000000E+000, 5.9202620E+000, 5.9506845E+000, 6.5707755E-004, 6.5707755E-004
 3.5228024E+001, 1.2500158E+001,-3.6260218E+000,-1.5044987E+000,-1.4128852E+000, 2.5617872E-003, 0.0000000E+000, 0.0000000E+000, 5.9842400E+000, 5.9593145E+000, 6.5707755E-004, 6.5707755E-004
 3.5377419E+001, 1.2500178E+001,-3.6128707E+000,-1.5025988E+000,-1.4189712E+000, 2.5623124E-003, 0.0000000E+000, 0.0000000E+000, 5.9817168E+000, 5.9682995E+000, 6.5707755E-004, 6.5707755E-004
 3.5526814E+001, 1.2500193E+001,-4.0111299E+000,-1.5128182E+000,-1.4255698E+000, 2.5628175E-003, 0.0000000E+000, 0.0000000E+000, 5.9790475E+000, 5.5532374E+000, 6.5707755E-004, 6.5707755E-004
 3.5676212E+001, 1.2500286E+001,-3.8535311E+000,-1.5201642E+000,-1.4310118E+000, 2.5633003E-003, 0.0000000E+000, 0.0000000E+000, 5.5527628E+000, 5.6981418E+000, 6.5707755E-004, 6.5707755E-004
 3.5825607E+001, 1.2500085E+001,-3.8040579E+000,-1.5356692E+000,-1.4354868E+000, 2.5637483E-003, 0.0000000E+000, 0.0000000E+000, 5.6886077E+000, 5.7274348E+000, 6.5707755E-004, 6.5707755E-004
 3.5975006E+001, 1.2499961E+001,-3.3557737E+000,-1.5519457E+000,-1.4384580E+000, 2.5642055E-003, 0.0000000E+000, 0.0000000E+000, 5.7068699E+000, 6.1563480E+000, 6.5707755E-004, 6.5707755E-004
 3.6124401E+001, 1.2499727E+001,-3.4595591E+000,-1.5848852E+000,-1.4416774E+000, 2.5646664E-003, 0.0000000E+000, 0.0000000E+000, 6.1285062E+000, 6.0161702E+000, 6.5707755E-004, 6.5707755E-004
 3.6273796E+001, 1.2499792E+001,-3.4997111E+000,-1.6220302E+000,-1.4455133E+000, 2.5651188E-003, 0.0000000E+000, 0.0000000E+000, 5.9808355E+000, 5.9351023E+000, 6.5707755E-004, 6.5707755E-004
 3.6423195E+001, 1.2499741E+001,-3.5279406E+000,-1.6647098E+000,-1.4500024E+000, 2.5655486E-003, 0.0000000E+000, 0.0000000E+000, 5.8986775E+000, 5.8596536E+000, 6.5707755E-004, 6.5707755E-004
 3.6572590E+001, 1.2499629E+001,-3.5460027E+000,-1.7087962E+000,-1.4492903E+000, 2.5659429E-003, 0.0000000E+000, 0.0000000E+000, 5.8252173E+000, 5.7981061E+000, 6.5707755E-004, 6.5707755E-004
 3.6721989E+001, 1.2499437E+001,-3.5642257E+000,-1.7510822E+000,-1.4519534E+000, 2.5662959E-003, 0.0000000E+000, 0.0000000E+000, 5.7638204E+000, 5.7347416E+000, 6.5707755E-004, 6.5707755E-004
 3.6871384E+001, 1.2499250E+001,-3.5907122E+000,-1.8021947E+000,-1.4539125E+000, 2.5665891E-003, 0.0000000E+000, 0.0000000E+000, 5.7039329E+000, 5.6549971E+000, 6.5707755E-004, 6.5707755E-004
 3.7005783E+001, 1.2876741E+001,-3.6139021E+000,-1.8277560E+000,-1.4538271E+000, 2.5667705E-003, 0.0000000E+000, 0.0000000E+000, 5.6305478E+000, 5.9838224E+000, 6.5707755E-004, 6.5707755E-004
 3.7140186E+001, 1.2707299E+001,-3.7259198E+000,-1.8596935E+000,-1.4590830E+000, 2.5669987E-003, 0.0000000E+000, 0.0000000E+000, 5.9627673E+000, 5.6651700E+000, 6.5707755E-004, 6.5707755E-004
 3.7274586E+001, 1.2613989E+001,-3.7401432E+000,-1.8847611E+000,-1.4657033E+000, 2.5671572E-003, 0.0000000E+000, 0.0000000E+000, 5.6516589E+000, 5.5259491E+000, 6.5707755E-004, 6.5707755E-004
 3.7408989E+001, 1.2562471E+001,-3.7419897E+000,-1.9030771E+000,-1.4706843E+000, 2.5671996E-003, 0.0000000E+000, 0.0000000E+000, 5.5200662E+000, 5.4492868E+000, 6.5707755E-004, 6.5707755E-004
 3.7543392E+001, 1.2534061E+001,-3.7484605E+000,-1.9270229E+000,-1.4770143E+000, 2.5671287E-003, 0.0000000E+000, 0.0000000E+000, 5.4478119E+000, 5.3841304E+000, 6.5707755E-004, 6.5707755E-004
 3.7677792E+001, 1.2518435E+001,-3.7665801E+000,-1.9306095E+000,-1.4837882E+000, 2.5669556E-003, 0.0000000E+000, 0.0000000E+000, 5.3832144E+000, 5.3400245E+000, 6.5707755E-004, 6.5707755E-004
 3.7812195E+001, 1.2509878E+001,-3.7786926E+000,-1.9315767E+000,-1.4902237E+000, 2.5666958E-003, 0.0000000E+000, 0.0000000E+000, 5.3417880E+000, 5.3119521E+000, 6.5707755E-004, 6.5707755E-004
 3.7946594E+001, 1.2505241E+001,-3.7907962E+000,-1.9386546E+000,-1.4962234E+000, 2.5663363E-003, 0.0000000E+000, 0.0000000E+000, 5.3142992E+000, 5.2821334E+000, 6.5707755E-004, 6.5707755E-004
 3.8080997E+001, 1.2502775E+001,-3.0727999E+000,-1.9165506E+000,-1.5040165E+000, 2.5659019E-003, 0.0000000E+000, 0.0000000E+000, 5.2787404E+000, 6.0119740E+000, 6.5707755E-004, 6.5707755E-004
 3.8215397E+001, 1.2501414E+001,-3.3760267E+000,-1.9166408E+000,-1.5115213E+000, 2.5653226E-003, 0.0000000E+000, 0.0000000E+000, 6.0109080E+000, 5.6997900E+000, 6.5707755E-004, 6.5707755E-004
 3.8349800E+001, 1.2500893E+001,-3.5136110E+000,-1.8992546E+000,-1.5183885E+000, 2.5650491E-003, 0.0000000E+000, 0.0000000E+000, 5.6947973E+000, 5.5722040E+000, 6.5707755E-004, 6.5707755E-004
 3.8484200E+001, 1.2500589E+001,-3.5887132E+000,-1.8888685E+000,-1.5254033E+000, 2.5647974E-003, 0.0000000E+000, 0.0000000E+000, 5.5624247E+000, 5.5001693E+000, 6.5707755E-004, 6.5707755E-004
 3.8618603E+001, 1.2500399E+001,-3.6307549E+000,-1.8622022E+000,-1.5342820E+000, 2.5646065E-003, 0.0000000E+000, 0.0000000E+000, 5.4864279E+000, 5.4757244E+000, 6.5707755E-004, 6.5707755E-004
 3.8753002E+001, 1.2500278E+001,-3.6565542E+000,-1.8439883E+000,-1.5433971E+000, 2.5645001E-003, 0.0000000E+000, 0.0000000E+000, 5.4575558E+000, 5.4589029E+000, 6.5707755E-004, 6.5707755E-004
 3.8887405E+001, 1.2500214E+001,-3.6690414E+000,-1.8157715E+000,-1.5530641E+000, 2.5645099E-003, 0.0000000E+000, 0.0000000E+000, 5.4318984E+000, 5.4649017E+000, 6.5707755E-004, 6.5707755E-004
 3.9021805E+001, 1.2500194E+001,-3.6712058E+000,-1.7988698E+000,-1.5709305E+000, 2.5646300E-003, 0.0000000E+000, 0.0000000E+000, 5.4329306E+000, 5.4617523E+000, 6.5707755E-004, 6.5707755E-004
 3.9156208E+001, 1.2500204E+001,-3.6686683E+000,-1.7783338E+000,-1.5723980E+000, 2.5648715E-003, 0.0000000E+000, 0.0000000E+000, 5.4255942E+000, 5.4833686E+000, 6.5707755E-004, 6.5707755E-004
 3.9290607E+001, 1.2500225E+001,-3.6633700E+000,-1.7741455E+000,-1.5923121E+000, 2.5651803E-003, 0.0000000E+000, 0.0000000E+000, 5.4344967E+000, 5.4729630E+000, 6.5707755E-004, 6.5707755E-004
 3.9425011E+001, 1.2500243E+001,-3.6449883E+000,-1.7712708E+000,-1.5926998E+000, 2.5655314E-003, 0.0000000E+000, 0.0000000E+000, 5.4209212E+000, 5.4938493E+000, 6.5707755E-004, 6.5707755E-004
 3.9559410E+001, 1.2500238E+001,-3.6261760E+000,-1.7858223E+000,-1.6018653E+000, 2.5658813E-003, 0.0000000E+000, 0.0000000E+000, 5.4324826E+000, 5.4889401E+000, 6.5707755E-004, 6.5707755E-004
 3.9693813E+001, 1.2500218E+001,-3.6139899E+000,-1.8019607E+000,-1.6100214E+000, 2.5661726E-003, 0.0000000E+000, 0.0000000E+000, 5.4147131E+000, 5.4768126E+000, 6.5707755E-004, 6.5707755E-004
 3.9828217E+001, 1.2500188E+001,-3.5951410E+000,-1.8309550E+000,-1.6174409E+000, 2.5663711E-003, 0.0000000E+000, 0.0000000E+000, 5.4054835E+000, 5.4592173E+000, 6.5707755E-004, 6.5707755E-004
 3.9976055E+001, 1.2171036E+001,-3.5801145E+000,-1.8672876E+000,-1.6246857E+000, 2.5664522E-003, 0.0000000E+000, 0.0000000E+000, 5.3771863E+000, 5.1015148E+000, 6.5707755E-004, 6.5707755E-004
 4.0123898E+001, 1.2329148E+001,-3.4781524E+000,-1.9055693E+000,-1.6410164E+000, 2.5663022E-003, 0.0000000E+000, 0.0000000E+000, 5.0243631E+000, 5.3069766E+000, 6.5707755E-004, 6.5707755E-004
 4.0286522E+001, 1.2064210E+001,-3.4911116E+000,-1.9532815E+000,-1.6342377E+000, 2.5659620E-003, 0.0000000E+000, 0.0000000E+000, 5.2327218E+000, 4.9881456E+000, 6.5707755E-004, 6.5707755E-004
 4.0449150E+001, 1.2287940E+001,-3.4351699E+000,-2.0063068E+000,-1.6372058E+000, 2.5654453E-003, 0.0000000E+000, 0.0000000E+000, 4.8992331E+000, 5.2118234E+000, 6.5707755E-004, 6.5707755E-004
 4.0611774E+001, 1.2396703E+001,-3.4900749E+000,-2.0735153E+000,-1.6544599E+000, 2.5648736E-003, 0.0000000E+000, 0.0000000E+000, 5.1207990E+000, 5.1812177E+000, 6.5707755E-004, 6.5707755E-004
 4.0774403E+001, 1.2449672E+001,-3.5456328E+000,-2.1528349E+000,-1.6573492E+000, 2.5644150E-003, 0.0000000E+000, 0.0000000E+000, 5.0912535E+000, 5.0964190E+000, 6.5707755E-004, 6.5707755E-004
 4.0937027E+001, 1.2475435E+001,-4.6354711E+000,-2.2738540E+000,-1.6591842E+000, 2.5640534E-003, 0.0000000E+000, 0.0000000E+000, 4.9984762E+000, 3.9094896E+000, 6.5707755E-004, 6.5707755E-004
 4.1099651E+001, 1.2488005E+001,-4.1171645E+000,-2.3934704E+000,-1.6666492E+000, 2.5638230E-003, 0.0000000E+000, 0.0000000E+000, 3.8024714E+000, 4.3132853E+000, 6.5707755E-004, 6.5707755E-004
 4.1262280E+001, 1.2493932E+001,-4.0070521E+000,-2.5540292E+000,-1.6748351E+000, 2.5631156E-003, 0.0000000E+000, 0.0000000E+000, 4.1986416E+000, 4.2605785E+000, 6.5707755E-004, 6.5707755E-004
 4.1424904E+001, 1.2496917E+001,-3.9615723E+000,-2.7156929E+000,-1.6744655E+000, 2.5627339E-003, 0.0000000E+000, 0.0000000E+000, 4.1472766E+000, 4.1477486E+000, 6.5707755E-004, 6.5707755E-004
 4.1587528E+001, 1.2498442E+001,-3.9096560E+000,-2.8754673E+000,-1.6763606E+000, 2.5626280E-003, 0.0000000E+000, 0.0000000E+000, 4.0373540E+000, 4.0395212E+000, 6.5707755E-004, 6.5707755E-004
 4.1750156E+001, 1.2499236E+001,-3.8747088E+000,-3.0128254E+000,-1.6760770E+000, 2.5626644E-003, 0.0000000E+000, 0.0000000E+000, 3.9500483E+000, 3.9381874E+000, 6.5707755E-004, 6.5707755E-004
 4.1912781E+001, 1.2499657E+001,-3.8357892E+000,-3.1116047E+000,-1.6768386E+000, 2.5627140E-003, 0.0000000E+000, 0.0000000E+000, 3.8785097E+000, 3.8779869E+000, 6.5707755E-004, 6.5707755E-004
 4.2075405E+001, 1.2499874E+001,-3.7720929E+000,-3.1732564E+000,-1.6820250E+000, 2.5626566E-003, 0.0000000E+000, 0.0000000E+000, 3.8549102E+000, 3.8750622E+000, 6.5707755E-004, 6.5707755E-004
 4.2238033E+001, 1.2499982E+001,-3.7202622E+000,-3.1993348E+000,-1.6808161E+000, 2.5624154E-003, 0.0000000E+000, 0.0000000E+000, 3.8898344E+000, 3.9021313E+000, 6.5707755E-004, 6.5707755E-004
 4.2400658E+001, 1.2500020E+001,-3.6774264E+000,-3.2154578E+000,-1.6797606E+000, 2.5619333E-003, 0.0000000E+000, 0.0000000E+000, 3.9384671E+000, 3.9299376E+000, 6.5707755E-004, 6.5707755E-004
 4.2563282E+001, 1.2500034E+001,-2.9276321E+000,-3.1782498E+000,-1.7015687E+000, 2.5611670E-003, 0.0000000E+000, 0.0000000E+000, 3.9786351E+000, 4.6951447E+000, 6.5707755E-004, 6.5707755E-004
 4.2725910E+001, 1.2500013E+001,-3.2083059E+000,-3.1875814E+000,-1.6737863E+000, 2.5599578E-003, 0.0000000E+000, 0.0000000E+000, 4.7721319E+000, 4.4328992E+000, 6.5707755E-004, 6.5707755E-004
 4.2888535E+001, 1.2500096E+001,-3.3145073E+000,-3.1814042E+000,-1.6678687E+000, 2.5586705E-003, 0.0000000E+000, 0.0000000E+000, 4.5085859E+000, 4.3388742E+000, 6.5707755E-004, 6.5707755E-004
 4.3051163E+001, 1.2500086E+001,-3.3734181E+000,-3.1744767E+000,-1.6659819E+000, 2.5564680E-003, 0.0000000E+000, 0.0000000E+000, 4.4194571E+000, 4.2887655E+000, 6.5707755E-004, 6.5707755E-004
 4.3213787E+001, 1.2500076E+001,-3.4188809E+000,-3.1741528E+000,-1.6652674E+000, 2.5533832E-003, 0.0000000E+000, 0.0000000E+000, 4.3783502E+000, 4.2443279E+000, 6.5707755E-004, 6.5707755E-004
 4.3355846E+001, 1.3016179E+001,-4.5527079E+000,-3.1557896E+000,-1.6673670E+000, 2.5517653E-003, 0.0000000E+000, 0.0000000E+000, 4.3441275E+000, 3.6428663E+000, 6.5707755E-004, 6.5707755E-004
 4.3497906E+001, 1.2775191E+001,-4.1682865E+000,-3.1150967E+000,-1.6730071E+000, 2.5527928E-003, 0.0000000E+000, 0.0000000E+000, 3.7558364E+000, 3.8213532E+000, 6.5707755E-004, 6.5707755E-004
 4.3639965E+001, 1.2646678E+001,-4.0075374E+000,-3.0707339E+000,-1.6682145E+000, 2.5531590E-003, 0.0000000E+000, 0.0000000E+000, 3.9439266E+000, 3.9027455E+000, 6.5707755E-004, 6.5707755E-004
 4.3782024E+001, 1.2578187E+001,-3.9187246E+000,-3.0382678E+000,-1.6750449E+000, 2.5530564E-003, 0.0000000E+000, 0.0000000E+000, 4.0199232E+000, 3.9487031E+000, 6.5707755E-004, 6.5707755E-004
 4.3924084E+001, 1.2541709E+001,-3.8543934E+000,-2.9891654E+000,-1.6835556E+000, 2.5527274E-003, 0.0000000E+000, 0.0000000E+000, 4.0685580E+000, 4.0171477E+000, 6.5707755E-004, 6.5707755E-004
 4.4066139E+001, 1.2522298E+001,-3.8198082E+000,-2.9475836E+000,-1.6958770E+000, 2.5523844E-003, 0.0000000E+000, 0.0000000E+000, 4.1440984E+000, 4.0615811E+000, 6.5707755E-004, 6.5707755E-004
 4.4208199E+001, 1.2511971E+001,-3.8040162E+000,-2.9262937E+000,-1.7039309E+000, 2.5521441E-003, 0.0000000E+000, 0.0000000E+000, 4.1908601E+000, 4.0802822E+000, 6.5707755E-004, 6.5707755E-004
 4.4350258E+001, 1.2506479E+001,-3.7869873E+000,-2.9001747E+000,-1.6996040E+000, 2.5520373E-003, 0.0000000E+000, 0.0000000E+000, 4.2070998E+000, 4.1222655E+000, 6.5707755E-004, 6.5707755E-004
 4.4492317E+001, 1.2503553E+001,-3.7801106E+000,-2.8872419E+000,-1.7050923E+000, 2.5520327E-003, 0.0000000E+000, 0.0000000E+000, 4.2420950E+000, 4.1336600E+000, 6.5707755E-004, 6.5707755E-004
 4.4634377E+001, 1.2501996E+001,-3.7784827E+000,-2.8614711E+000,-1.7093216E+000, 2.5520889E-003, 0.0000000E+000, 0.0000000E+000, 4.2535402E+000, 4.1552730E+000, 6.5707755E-004, 6.5707755E-004
 4.4776436E+001, 1.2501139E+001,-3.7409176E+000,-2.8342734E+000,-1.7114021E+000, 2.5521585E-003, 0.0000000E+000, 0.0000000E+000, 4.2739022E+000, 4.2170981E+000, 6.5707755E-004, 6.5707755E-004
 4.4918495E+001, 1.2500648E+001,-3.7406963E+000,-2.8165813E+000,-1.7145935E+000, 2.5522447E-003, 0.0000000E+000, 0.0000000E+000, 4.3346824E+000, 4.2313293E+000, 6.5707755E-004, 6.5707755E-004
 4.5060555E+001, 1.2500346E+001,-3.7783043E+000,-2.7912400E+000,-1.7162870E+000, 2.5523849E-003, 0.0000000E+000, 0.0000000E+000, 4.3483605E+000, 4.2170672E+000, 6.5707755E-004, 6.5707755E-004
 4.5202614E+001, 1.2500151E+001,-3.7335214E+000,-2.7398985E+000,-1.7166867E+000, 2.5525786E-003, 0.0000000E+000, 0.0000000E+000, 4.3322798E+000, 4.3125972E+000, 6.5707755E-004, 6.5707755E-004
 4.5344673E+001, 1.2500012E+001,-3.7228656E+000,-2.6852516E+000,-1.7171074E+000, 2.5527654E-003, 0.0000000E+000, 0.0000000E+000, 4.4198672E+000, 4.3773405E+000, 6.5707755E-004, 6.5707755E-004
 4.5486732E+001, 1.2499915E+001,-3.7190112E+000,-2.6384191E+000,-1.7164241E+000, 2.5529356E-003, 0.0000000E+000, 0.0000000E+000, 4.4752987E+000, 4.4286138E+000, 6.5707755E-004, 6.5707755E-004
 4.5628792E+001, 1.2499864E+001,-3.7278917E+000,-2.5776784E+000,-1.7160795E+000, 2.5530463E-003, 0.0000000E+000, 0.0000000E+000, 4.5249217E+000, 4.4807673E+000, 6.5707755E-004, 6.5707755E-004
 4.5770851E+001, 1.2499837E+001,-3.7255214E+000,-2.5107368E+000,-1.7147661E+000, 2.5530656E-003, 0.0000000E+000, 0.0000000E+000, 4.5631406E+000, 4.5513661E+000, 6.5707755E-004, 6.5707755E-004
 4.5927116E+001, 1.2154450E+001,-3.7245653E+000,-2.4450512E+000,-1.7244001E+000, 2.5530156E-003, 0.0000000E+000, 0.0000000E+000, 4.6331718E+000, 4.2629859E+000, 6.5707755E-004, 6.5707755E-004
 4.6083378E+001, 1.2326971E+001,-3.6415548E+000,-2.3730523E+000,-1.7248236E+000, 2.5528359E-003, 0.0000000E+000, 0.0000000E+000, 4.3430838E+000, 4.5900931E+000, 6.5707755E-004, 6.5707755E-004
 4.6223690E+001, 1.2801316E+001,-3.6662329E+000,-2.2970570E+000,-1.7266005E+000, 2.5526051E-003, 0.0000000E+000, 0.0000000E+000, 4.6553522E+000, 5.1139781E+000, 6.5707755E-004, 6.5707755E-004
 4.6363998E+001, 1.2661756E+001,-3.7980438E+000,-2.2386204E+000,-1.7283504E+000, 2.5525541E-003, 0.0000000E+000, 0.0000000E+000, 5.1726758E+000, 4.8992938E+000, 6.5707755E-004, 6.5707755E-004
 4.6504311E+001, 1.2586884E+001,-3.8065713E+000,-2.1803293E+000,-1.7625815E+000, 2.5526530E-003, 0.0000000E+000, 0.0000000E+000, 4.9304761E+000, 4.8399546E+000, 6.5707755E-004, 6.5707755E-004
 4.6644619E+001, 1.2546642E+001,-3.8025337E+000,-2.1551951E+000,-1.7403411E+000, 2.5527347E-003, 0.0000000E+000, 0.0000000E+000, 4.8969152E+000, 4.8511243E+000, 6.5707755E-004, 6.5707755E-004
 4.6784927E+001, 1.2525033E+001,-3.8036607E+000,-2.1226895E+000,-1.7485510E+000, 2.5528359E-003, 0.0000000E+000, 0.0000000E+000, 4.8932024E+000, 4.8526843E+000, 6.5707755E-004, 6.5707755E-004
 4.6925240E+001, 1.2513442E+001,-3.8059190E+000,-2.0956809E+000,-1.7517988E+000, 2.5530065E-003, 0.0000000E+000, 0.0000000E+000, 4.8878415E+000, 4.8625960E+000, 6.5707755E-004, 6.5707755E-004
 4.7065548E+001, 1.2507232E+001,-3.8120616E+000,-2.0898418E+000,-1.7536236E+000, 2.5532590E-003, 0.0000000E+000, 0.0000000E+000, 4.8900039E+000, 4.8542583E+000, 6.5707755E-004, 6.5707755E-004
 4.7205856E+001, 1.2503916E+001,-3.8159284E+000,-2.0802742E+000,-1.7548092E+000, 2.5535883E-003, 0.0000000E+000, 0.0000000E+000, 4.8695220E+000, 4.8554578E+000, 6.5707755E-004, 6.5707755E-004
 4.7346169E+001, 1.2502142E+001,-3.8129312E+000,-2.0777279E+000,-1.7579677E+000, 2.5539410E-003, 0.0000000E+000, 0.0000000E+000, 4.8637273E+000, 4.8560691E+000, 6.5707755E-004, 6.5707755E-004
 4.7486477E+001, 1.2501192E+001,-3.8064600E+000,-2.0731037E+000,-1.7611491E+000, 2.5543073E-003, 0.0000000E+000, 0.0000000E+000, 4.8555174E+000, 4.8630333E+000, 6.5707755E-004, 6.5707755E-004
 4.7626789E+001, 1.2500701E+001,-3.7910166E+000,-2.0628769E+000,-1.7596975E+000, 2.5546253E-003, 0.0000000E+000, 0.0000000E+000, 4.8583514E+000, 4.8896650E+000, 6.5707755E-004, 6.5707755E-004
 4.7767097E+001, 1.2500402E+001,-3.7650048E+000,-2.0476561E+000,-1.7619498E+000, 2.5548277E-003, 0.0000000E+000, 0.0000000E+000, 4.8749391E+000, 4.9283466E+000, 6.5707755E-004, 6.5707755E-004
 4.7907406E+001, 1.2500222E+001,-3.7379265E+000,-2.0350434E+000,-1.7642245E+000, 2.5548153E-003, 0.0000000E+000, 0.0000000E+000, 4.9100980E+000, 4.9655829E+000, 6.5707755E-004, 6.5707755E-004
 4.8047718E+001, 1.2500129E+001,-2.9300096E+000,-2.0063496E+000,-1.7662252E+000, 2.5544882E-003, 0.0000000E+000, 0.0000000E+000, 4.9404958E+000, 5.8000987E+000, 6.5707755E-004, 6.5707755E-004
 4.8188026E+001, 1.2500051E+001,-3.2092767E+000,-1.9953811E+000,-1.7680060E+000, 2.5535146E-003, 0.0000000E+000, 0.0000000E+000, 5.7700606E+000, 5.5299405E+000, 6.5707755E-004, 6.5707755E-004
 4.8342369E+001, 1.2158420E+001,-3.3370609E+000,-1.9820508E+000,-1.7686867E+000, 2.5520807E-003, 0.0000000E+000, 0.0000000E+000, 5.4978159E+000, 5.0731739E+000, 6.5707755E-004, 6.5707755E-004
 4.8496708E+001, 1.2327641E+001,-3.3188948E+000,-1.9579552E+000,-1.7684777E+000, 2.5476913E-003, 0.0000000E+000, 0.0000000E+000, 5.0349029E+000, 5.2848606E+000, 6.5707755E-004, 6.5707755E-004
 4.8651051E+001, 1.2413013E+001,-3.4056943E+000,-1.9359745E+000,-1.7697685E+000, 2.5359216E-003, 0.0000000E+000, 0.0000000E+000, 5.2411092E+000, 5.3041115E+000, 6.5707755E-004, 6.5707755E-004
 4.8805389E+001, 1.2456127E+001,-3.4702471E+000,-1.9142327E+000,-1.7728397E+000, 2.5142024E-003, 0.0000000E+000, 0.0000000E+000, 5.2528616E+000, 5.3013212E+000, 6.5707755E-004, 6.5707755E-004
 4.8959732E+001, 1.2477874E+001,-3.5152712E+000,-1.8949853E+000,-1.7795065E+000, 2.5286082E-003, 0.0000000E+000, 0.0000000E+000, 5.2419912E+000, 5.2906400E+000, 6.5707755E-004, 6.5707755E-004
 4.9114071E+001, 1.2488847E+001,-3.5550703E+000,-1.8749955E+000,-1.7848646E+000, 2.5453757E-003, 0.0000000E+000, 0.0000000E+000, 5.2256123E+000, 5.2764617E+000, 6.5707755E-004, 6.5707755E-004
 4.9268414E+001, 1.2494392E+001,-3.5721231E+000,-1.8594306E+000,-1.7920262E+000, 2.5511272E-003, 0.0000000E+000, 0.0000000E+000, 5.2009531E+000, 5.2733633E+000, 6.5707755E-004, 6.5707755E-004
 4.9422752E+001, 1.2497199E+001,-3.5902095E+000,-1.8487706E+000,-1.7994516E+000, 2.5534285E-003, 0.0000000E+000, 0.0000000E+000, 5.1885806E+000, 5.2613210E+000, 6.5707755E-004, 6.5707755E-004
 4.9577095E+001, 1.2498623E+001,-3.6211088E+000,-1.8446096E+000,-1.8057828E+000, 2.5544184E-003, 0.0000000E+000, 0.0000000E+000, 5.1648057E+000, 5.2296764E+000, 6.5707755E-004, 6.5707755E-004
 4.9731434E+001, 1.2499371E+001,-3.6353757E+000,-1.8448402E+000,-1.8111580E+000, 2.5547701E-003, 0.0000000E+000, 0.0000000E+000, 5.1191415E+000, 5.2105517E+000, 6.5707755E-004, 6.5707755E-004
 4.9885777E+001, 1.2499778E+001,-3.6458652E+000,-1.8445464E+000,-1.8188051E+000, 2.5548334E-003, 0.0000000E+000, 0.0000000E+000, 5.0855237E+000, 5.1931161E+000, 6.5707755E-004, 6.5707755E-004
 5.0000000E+001, 1.3542091E+001,-4.1228094E+000,-1.8343649E+000,-1.8255121E+000, 2.5548270E-003, 0.0000000E+000, 0.0000000E+000, 5.0603830E+000, 5.7619593E+000, 6.5707755E-004, 6.5707755E-004
