s,m/s,m/s,m/s,m/s,m/s,m/s,m/s,m/s,m/s,m/s,m/s,m/s,m/s,m/s,m/s,m/s
Time,"Profile","Profile","Profile","Profile","Profile","Profile","Profile","Profile","Profile","Profile","Profile","Profile","Profile","Profile","Profile","Profile"
 0.0000000E+000, 3.5746222E+001, 3.6001669E+001, 3.6233201E+001, 3.6379116E+001, 3.6377304E+001, 3.6186676E+001, 3.5806808E+001, 3.5286281E+001, 3.4713719E+001, 3.4193192E+001, 3.3813324E+001, 3.3622696E+001, 3.3620884E+001, 3.3766799E+001, 3.3998331E+001, 3.4253778E+001
 1.1114286E-004, 3.5724349E+001, 3.5972320E+001, 3.6197050E+001, 3.6338648E+001, 3.6336853E+001, 3.6151813E+001, 3.5783118E+001, 3.5277879E+001, 3.4722080E+001, 3.4216751E+001, 3.3847976E+001, 3.3662957E+001, 3.3661279E+001, 3.3803011E+001, 3.4027820E+001, 3.4275801E+001
 2.2228571E-004, 3.5661984E+001, 3.5888647E+001, 3.6094006E+001, 3.6223336E+001, 3.6221642E+001, 3.6052579E+001, 3.5715747E+001, 3.5254072E+001, 3.4746022E+001, 3.4283969E+001, 3.3946757E+001, 3.3777668E+001, 3.3776321E+001, 3.3906102E+001, 3.4111751E+001, 3.4338472E+001
 3.3342857E-004, 3.5568835E+001, 3.5763690E+001, 3.5940178E+001, 3.6051297E+001, 3.6049876E+001, 3.5904751E+001, 3.5615507E+001, 3.5218826E+001, 3.4781989E+001, 3.4384456E+001, 3.4094256E+001, 3.3948821E+001, 3.3947848E+001, 3.4059717E+001, 3.4236759E+001, 3.4431790E+001
 4.4457142E-004, 3.5458591E+001, 3.5615829E+001, 3.5758241E+001, 3.5847954E+001, 3.5847004E+001, 3.5730277E+001, 3.5497306E+001, 3.5177430E+001, 3.4824755E+001, 3.4503483E+001, 3.4268807E+001, 3.4151215E+001, 3.4150529E+001, 3.4241099E+001, 3.4384273E+001, 3.4541864E+001
 5.5571428E-004, 3.5345816E+001, 3.5464612E+001, 3.5572260E+001, 3.5640208E+001, 3.5639833E+001, 3.5552143E+001, 3.5376619E+001, 3.5135176E+001, 3.4868537E+001, 3.4625290E+001, 3.4447422E+001, 3.4358246E+001, 3.4357726E+001, 3.4426387E+001, 3.4534863E+001, 3.4654173E+001
 6.6685714E-004, 3.5242938E+001, 3.5326695E+001, 3.5402692E+001, 3.5450843E+001, 3.5450986E+001, 3.5389673E+001, 3.5266385E+001, 3.5096385E+001, 3.4908278E+001, 3.4736388E+001, 3.4610525E+001, 3.4547346E+001, 3.4546924E+001, 3.4595485E+001, 3.4672203E+001, 3.4756535E+001
 7.7799999E-004, 3.5158143E+001, 3.5213031E+001, 3.5262951E+001, 3.5294764E+001, 3.5295241E+001, 3.5255501E+001, 3.5175097E+001, 3.5063927E+001, 3.4940685E+001, 3.4827892E+001, 3.4745193E+001, 3.4703624E+001, 3.4703307E+001, 3.4735208E+001, 3.4785618E+001, 3.4841005E+001
 8.8914285E-004, 3.5094693E+001, 3.5127963E+001, 3.5158337E+001, 3.5177852E+001, 3.5178456E+001, 3.5154708E+001, 3.5106280E+001, 3.5039135E+001, 3.4964592E+001, 3.4896306E+001, 3.4846206E+001, 3.4821014E+001, 3.4820837E+001, 3.4840210E+001, 3.4870809E+001, 3.4904404E+001
 1.0002857E-003, 3.5051595E+001, 3.5070146E+001, 3.5087183E+001, 3.5098259E+001, 3.5098851E+001, 3.5085882E+001, 3.5059140E+001, 3.5021949E+001, 3.4980623E+001, 3.4942772E+001, 3.4915023E+001, 3.4901106E+001, 3.4901079E+001, 3.4911906E+001, 3.4928957E+001, 3.4947644E+001
 1.1114286E-003, 3.5025130E+001, 3.5034595E+001, 3.5043378E+001, 3.5049203E+001, 3.5049733E+001, 3.5043365E+001, 3.5029972E+001, 3.5011246E+001, 3.4990418E+001, 3.4971362E+001, 3.4957434E+001, 3.4950509E+001, 3.4950599E+001, 3.4956159E+001, 3.4964836E+001, 3.4974303E+001
 1.2225714E-003, 3.5010554E+001, 3.5014972E+001, 3.5019155E+001, 3.5022038E+001, 3.5022510E+001, 3.5019795E+001, 3.5013809E+001, 3.5005329E+001, 3.4995856E+001, 3.4987196E+001, 3.4980905E+001, 3.4977840E+001, 3.4977993E+001, 3.4980635E+001, 3.4984673E+001, 3.4989029E+001
 1.3337143E-003, 3.5003446E+001, 3.5005367E+001, 3.5007265E+001, 3.5008678E+001, 3.5009108E+001, 3.5008193E+001, 3.5005867E+001, 3.5002442E+001, 3.4998560E+001, 3.4995001E+001, 3.4992442E+001, 3.4991255E+001, 3.4991427E+001, 3.4992632E+001, 3.4994389E+001, 3.4996231E+001
 1.4448571E-003, 3.5000434E+001, 3.5001267E+001, 3.5002165E+001, 3.5002927E+001, 3.5003322E+001, 3.5003173E+001, 3.5002422E+001, 3.5001182E+001, 3.4999718E+001, 3.4998362E+001, 3.4997412E+001, 3.4997030E+001, 3.4997206E+001, 3.4997788E+001, 3.4998558E+001, 3.4999314E+001
 1.5560000E-003, 3.4999346E+001, 3.4999765E+001, 3.5000277E+001, 3.5000778E+001, 3.5001142E+001, 3.5001259E+001, 3.5001083E+001, 3.5000657E+001, 3.5000107E+001, 3.4999595E+001, 3.4999269E+001, 3.4999205E+001, 3.4999390E+001, 3.4999738E+001, 3.5000132E+001, 3.5000473E+001
 1.6671428E-003, 3.4999008E+001, 3.4999283E+001, 3.4999657E+001, 3.5000058E+001, 3.5000394E+001, 3.5000583E+001, 3.5000585E+001, 3.5000425E+001, 3.5000186E+001, 3.4999976E+001, 3.4999883E+001, 3.4999948E+001, 3.5000149E+001, 3.5000421E+001, 3.5000685E+001, 3.5000879E+001
 1.7782857E-003, 3.4998903E+001, 3.4999122E+001, 3.4999439E+001, 3.4999797E+001, 3.5000117E+001, 3.5000324E+001, 3.5000384E+001, 3.5000315E+001, 3.5000187E+001, 3.5000088E+001, 3.5000088E+001, 3.5000210E+001, 3.5000427E+001, 3.5000678E+001, 3.5000898E+001, 3.5001037E+001
 1.8894286E-003, 3.4998856E+001, 3.4999044E+001, 3.4999331E+001, 3.4999667E+001, 3.4999978E+001, 3.5000198E+001, 3.5000289E+001, 3.5000266E+001, 3.5000189E+001, 3.5000138E+001, 3.5000176E+001, 3.5000323E+001, 3.5000549E+001, 3.5000796E+001, 3.5001001E+001, 3.5001118E+001
 2.0005714E-003, 3.4998828E+001, 3.4998997E+001, 3.4999266E+001, 3.4999589E+001, 3.4999896E+001, 3.5000124E+001, 3.5000236E+001, 3.5000241E+001, 3.5000193E+001, 3.5000167E+001, 3.5000222E+001, 3.5000379E+001, 3.5000610E+001, 3.5000857E+001, 3.5001057E+001, 3.5001166E+001
 2.1117143E-003, 3.4998816E+001, 3.4998974E+001, 3.4999233E+001, 3.4999546E+001, 3.4999849E+001, 3.5000078E+001, 3.5000196E+001, 3.5000214E+001, 3.5000183E+001, 3.5000173E+001, 3.5000241E+001, 3.5000407E+001, 3.5000643E+001, 3.5000892E+001, 3.5001091E+001, 3.5001197E+001
 2.2228571E-003, 3.4998813E+001, 3.4998965E+001, 3.4999218E+001, 3.4999525E+001, 3.4999822E+001, 3.5000045E+001, 3.5000161E+001, 3.5000182E+001, 3.5000159E+001, 3.5000161E+001, 3.5000244E+001, 3.5000421E+001, 3.5000665E+001, 3.5000918E+001, 3.5001117E+001, 3.5001221E+001
 2.3340000E-003, 3.4998810E+001, 3.4998959E+001, 3.4999207E+001, 3.4999510E+001, 3.4999802E+001, 3.5000021E+001, 3.5000133E+001, 3.5000153E+001, 3.5000134E+001, 3.5000145E+001, 3.5000240E+001, 3.5000429E+001, 3.5000682E+001, 3.5000939E+001, 3.5001139E+001, 3.5001241E+001
 2.4451428E-003, 3.4998804E+001, 3.4998948E+001, 3.4999192E+001, 3.4999492E+001, 3.4999783E+001, 3.5000002E+001, 3.5000116E+001, 3.5000138E+001, 3.5000121E+001, 3.5000137E+001, 3.5000237E+001, 3.5000433E+001, 3.5000691E+001, 3.5000952E+001, 3.5001154E+001, 3.5001257E+001
 2.5562857E-003, 3.4998796E+001, 3.4998936E+001, 3.4999176E+001, 3.4999474E+001, 3.4999765E+001, 3.4999987E+001, 3.5000106E+001, 3.5000133E+001, 3.5000120E+001, 3.5000137E+001, 3.5000237E+001, 3.5000433E+001, 3.5000693E+001, 3.5000957E+001, 3.5001163E+001, 3.5001268E+001
 2.6674285E-003, 3.4998790E+001, 3.4998927E+001, 3.4999164E+001, 3.4999460E+001, 3.4999751E+001, 3.4999974E+001, 3.5000097E+001, 3.5000128E+001, 3.5000119E+001, 3.5000137E+001, 3.5000237E+001, 3.5000432E+001, 3.5000693E+001, 3.5000959E+001, 3.5001167E+001, 3.5001275E+001
 2.7785714E-003, 3.4998787E+001, 3.4998922E+001, 3.4999158E+001, 3.4999451E+001, 3.4999740E+001, 3.4999962E+001, 3.5000083E+001, 3.5000116E+001, 3.5000109E+001, 3.5000132E+001, 3.5000235E+001, 3.5000433E+001, 3.5000696E+001, 3.5000963E+001, 3.5001173E+001, 3.5001281E+001
 2.8897143E-003, 3.4998786E+001, 3.4998920E+001, 3.4999154E+001, 3.4999446E+001, 3.4999732E+001, 3.4999950E+001, 3.5000069E+001, 3.5000099E+001, 3.5000094E+001, 3.5000121E+001, 3.5000230E+001, 3.5000434E+001, 3.5000701E+001, 3.5000970E+001, 3.5001180E+001, 3.5001289E+001
 3.0008571E-003, 3.4998784E+001, 3.4998916E+001, 3.4999149E+001, 3.4999440E+001, 3.4999725E+001, 3.4999941E+001, 3.5000058E+001, 3.5000087E+001, 3.5000082E+001, 3.5000111E+001, 3.5000224E+001, 3.5000433E+001, 3.5000704E+001, 3.5000975E+001, 3.5001186E+001, 3.5001295E+001
 3.1120000E-003, 3.4998780E+001, 3.4998911E+001, 3.4999142E+001, 3.4999433E+001, 3.4999718E+001, 3.4999936E+001, 3.5000054E+001, 3.5000084E+001, 3.5000079E+001, 3.5000107E+001, 3.5000220E+001, 3.5000430E+001, 3.5000702E+001, 3.5000975E+001, 3.5001188E+001, 3.5001298E+001
 3.2231428E-003, 3.4998776E+001, 3.4998905E+001, 3.4999135E+001, 3.4999425E+001, 3.4999711E+001, 3.4999932E+001, 3.5000053E+001, 3.5000085E+001, 3.5000081E+001, 3.5000107E+001, 3.5000218E+001, 3.5000426E+001, 3.5000698E+001, 3.5000972E+001, 3.5001187E+001, 3.5001299E+001
 3.3342857E-003, 3.4998773E+001, 3.4998901E+001, 3.4999131E+001, 3.4999420E+001, 3.4999705E+001, 3.4999926E+001, 3.5000049E+001, 3.5000083E+001, 3.5000080E+001, 3.5000107E+001, 3.5000217E+001, 3.5000424E+001, 3.5000695E+001, 3.5000970E+001, 3.5001186E+001, 3.5001299E+001
 3.4454285E-003, 3.4998772E+001, 3.4998900E+001, 3.4999129E+001, 3.4999417E+001, 3.4999701E+001, 3.4999920E+001, 3.5000041E+001, 3.5000075E+001, 3.5000073E+001, 3.5000103E+001, 3.5000215E+001, 3.5000424E+001, 3.5000696E+001, 3.5000971E+001, 3.5001187E+001, 3.5001301E+001
 3.5565714E-003, 3.4998771E+001, 3.4998899E+001, 3.4999128E+001, 3.4999415E+001, 3.4999697E+001, 3.4999914E+001, 3.5000032E+001, 3.5000065E+001, 3.5000063E+001, 3.5000095E+001, 3.5000212E+001, 3.5000424E+001, 3.5000699E+001, 3.5000975E+001, 3.5001191E+001, 3.5001304E+001
 3.6677142E-003, 3.4998770E+001, 3.4998897E+001, 3.4999125E+001, 3.4999412E+001, 3.4999695E+001, 3.4999911E+001, 3.5000028E+001, 3.5000059E+001, 3.5000057E+001, 3.5000090E+001, 3.5000208E+001, 3.5000423E+001, 3.5000699E+001, 3.5000977E+001, 3.5001193E+001, 3.5001306E+001
 3.7788571E-003, 3.4998768E+001, 3.4998894E+001, 3.4999121E+001, 3.4999409E+001, 3.4999692E+001, 3.4999910E+001, 3.5000029E+001, 3.5000061E+001, 3.5000058E+001, 3.5000089E+001, 3.5000206E+001, 3.5000419E+001, 3.5000696E+001, 3.5000975E+001, 3.5001192E+001, 3.5001307E+001
 3.8900000E-003, 3.4998765E+001, 3.4998891E+001, 3.4999118E+001, 3.4999405E+001, 3.4999689E+001, 3.4999909E+001, 3.5000030E+001, 3.5000064E+001, 3.5000062E+001, 3.5000091E+001, 3.5000205E+001, 3.5000416E+001, 3.5000692E+001, 3.5000971E+001, 3.5001190E+001, 3.5001306E+001
 4.0011428E-003, 3.4998764E+001, 3.4998889E+001, 3.4999116E+001, 3.4999403E+001, 3.4999687E+001, 3.4999906E+001, 3.5000028E+001, 3.5000064E+001, 3.5000062E+001, 3.5000092E+001, 3.5000206E+001, 3.5000416E+001, 3.5000690E+001, 3.5000969E+001, 3.5001188E+001, 3.5001305E+001
 4.1122857E-003, 3.4998764E+001, 3.4998889E+001, 3.4999116E+001, 3.4999403E+001, 3.4999685E+001, 3.4999903E+001, 3.5000023E+001, 3.5000058E+001, 3.5000057E+001, 3.5000089E+001, 3.5000205E+001, 3.5000417E+001, 3.5000692E+001, 3.5000971E+001, 3.5001190E+001, 3.5001307E+001
 4.2234285E-003, 3.4998764E+001, 3.4998890E+001, 3.4999117E+001, 3.4999403E+001, 3.4999684E+001, 3.4999900E+001, 3.5000019E+001, 3.5000051E+001, 3.5000051E+001, 3.5000085E+001, 3.5000204E+001, 3.5000418E+001, 3.5000696E+001, 3.5000975E+001, 3.5001193E+001, 3.5001309E+001
 4.3345714E-003, 3.4998764E+001, 3.4998889E+001, 3.4999116E+001, 3.4999402E+001, 3.4999684E+001, 3.4999900E+001, 3.5000018E+001, 3.5000050E+001, 3.5000049E+001, 3.5000082E+001, 3.5000202E+001, 3.5000418E+001, 3.5000697E+001, 3.5000976E+001, 3.5001194E+001, 3.5001310E+001
 4.4457142E-003, 3.4998763E+001, 3.4998888E+001, 3.4999115E+001, 3.4999401E+001, 3.4999684E+001, 3.4999902E+001, 3.5000022E+001, 3.5000055E+001, 3.5000053E+001, 3.5000084E+001, 3.5000202E+001, 3.5000416E+001, 3.5000694E+001, 3.5000975E+001, 3.5001194E+001, 3.5001310E+001
 4.5568571E-003, 3.4998762E+001, 3.4998887E+001, 3.4999113E+001, 3.4999400E+001, 3.4999684E+001, 3.4999904E+001, 3.5000026E+001, 3.5000060E+001, 3.5000059E+001, 3.5000089E+001, 3.5000204E+001, 3.5000416E+001, 3.5000692E+001, 3.5000972E+001, 3.5001192E+001, 3.5001310E+001
 4.6680000E-003, 3.4998762E+001, 3.4998888E+001, 3.4999114E+001, 3.4999401E+001, 3.4999685E+001, 3.4999904E+001, 3.5000026E+001, 3.5000062E+001, 3.5000061E+001, 3.5000092E+001, 3.5000206E+001, 3.5000418E+001, 3.5000693E+001, 3.5000973E+001, 3.5001193E+001, 3.5001310E+001
 4.7791428E-003, 3.4998764E+001, 3.4998890E+001, 3.4999117E+001, 3.4999404E+001, 3.4999687E+001, 3.4999904E+001, 3.5000025E+001, 3.5000059E+001, 3.5000060E+001, 3.5000092E+001, 3.5000209E+001, 3.5000422E+001, 3.5000698E+001, 3.5000977E+001, 3.5001196E+001, 3.5001313E+001
 4.8902857E-003, 3.4998767E+001, 3.4998893E+001, 3.4999121E+001, 3.4999407E+001, 3.4999689E+001, 3.4999906E+001, 3.5000025E+001, 3.5000058E+001, 3.5000058E+001, 3.5000092E+001, 3.5000212E+001, 3.5000427E+001, 3.5000704E+001, 3.5000983E+001, 3.5001201E+001, 3.5001316E+001
 5.0014285E-003, 3.4998768E+001, 3.4998895E+001, 3.4999123E+001, 3.4999410E+001, 3.4999693E+001, 3.4999911E+001, 3.5000030E+001, 3.5000063E+001, 3.5000061E+001, 3.5000095E+001, 3.5000214E+001, 3.5000430E+001, 3.5000708E+001, 3.5000987E+001, 3.5001204E+001, 3.5001319E+001
 5.1125714E-003, 3.4998769E+001, 3.4998896E+001, 3.4999125E+001, 3.4999413E+001, 3.4999698E+001, 3.4999918E+001, 3.5000039E+001, 3.5000073E+001, 3.5000071E+001, 3.5000102E+001, 3.5000219E+001, 3.5000432E+001, 3.5000709E+001, 3.5000988E+001, 3.5001206E+001, 3.5001321E+001
 5.2237142E-003, 3.4998771E+001, 3.4998898E+001, 3.4999128E+001, 3.4999418E+001, 3.4999704E+001, 3.4999925E+001, 3.5000048E+001, 3.5000084E+001, 3.5000083E+001, 3.5000112E+001, 3.5000226E+001, 3.5000437E+001, 3.5000712E+001, 3.5000990E+001, 3.5001208E+001, 3.5001323E+001
 5.3348571E-003, 3.4998774E+001, 3.4998903E+001, 3.4999134E+001, 3.4999424E+001, 3.4999710E+001, 3.4999932E+001, 3.5000056E+001, 3.5000092E+001, 3.5000092E+001, 3.5000122E+001, 3.5000235E+001, 3.5000445E+001, 3.5000718E+001, 3.5000995E+001, 3.5001212E+001, 3.5001326E+001
 5.4459999E-003, 3.4998778E+001, 3.4998909E+001, 3.4999141E+001, 3.4999432E+001, 3.4999719E+001, 3.4999940E+001, 3.5000062E+001, 3.5000098E+001, 3.5000098E+001, 3.5000130E+001, 3.5000245E+001, 3.5000456E+001, 3.5000729E+001, 3.5001004E+001, 3.5001219E+001, 3.5001331E+001
 5.5571428E-003, 3.4998782E+001, 3.4998916E+001, 3.4999150E+001, 3.4999443E+001, 3.4999730E+001, 3.4999951E+001, 3.5000072E+001, 3.5000107E+001, 3.5000107E+001, 3.5000139E+001, 3.5000256E+001, 3.5000468E+001, 3.5000741E+001, 3.5001015E+001, 3.5001227E+001, 3.5001337E+001
 5.6682857E-003, 3.4998786E+001, 3.4998922E+001, 3.4999159E+001, 3.4999454E+001, 3.4999744E+001, 3.4999967E+001, 3.5000090E+001, 3.5000124E+001, 3.5000123E+001, 3.5000154E+001, 3.5000270E+001, 3.5000480E+001, 3.5000752E+001, 3.5001024E+001, 3.5001235E+001, 3.5001342E+001
 5.7794285E-003, 3.4998790E+001, 3.4998928E+001, 3.4999168E+001, 3.4999467E+001, 3.4999761E+001, 3.4999988E+001, 3.5000113E+001, 3.5000149E+001, 3.5000147E+001, 3.5000175E+001, 3.5000287E+001, 3.5000493E+001, 3.5000762E+001, 3.5001032E+001, 3.5001241E+001, 3.5001347E+001
 5.8905714E-003, 3.4998794E+001, 3.4998937E+001, 3.4999181E+001, 3.4999484E+001, 3.4999782E+001, 3.5000012E+001, 3.5000141E+001, 3.5000179E+001, 3.5000176E+001, 3.5000202E+001, 3.5000309E+001, 3.5000510E+001, 3.5000775E+001, 3.5001042E+001, 3.5001248E+001, 3.5001352E+001
 6.0017142E-003, 3.4998800E+001, 3.4998949E+001, 3.4999199E+001, 3.4999507E+001, 3.4999809E+001, 3.5000041E+001, 3.5000172E+001, 3.5000210E+001, 3.5000207E+001, 3.5000231E+001, 3.5000335E+001, 3.5000532E+001, 3.5000792E+001, 3.5001054E+001, 3.5001257E+001, 3.5001357E+001
 6.1128571E-003, 3.4998808E+001, 3.4998965E+001, 3.4999224E+001, 3.4999538E+001, 3.4999845E+001, 3.5000080E+001, 3.5000210E+001, 3.5000246E+001, 3.5000241E+001, 3.5000262E+001, 3.5000363E+001, 3.5000557E+001, 3.5000812E+001, 3.5001069E+001, 3.5001266E+001, 3.5001361E+001
 6.2239999E-003, 3.4998819E+001, 3.4998987E+001, 3.4999257E+001, 3.4999582E+001, 3.4999895E+001, 3.5000134E+001, 3.5000263E+001, 3.5000295E+001, 3.5000283E+001, 3.5000298E+001, 3.5000393E+001, 3.5000581E+001, 3.5000830E+001, 3.5001081E+001, 3.5001272E+001, 3.5001362E+001
 6.3351428E-003, 3.4998834E+001, 3.4999019E+001, 3.4999305E+001, 3.4999645E+001, 3.4999970E+001, 3.5000214E+001, 3.5000341E+001, 3.5000365E+001, 3.5000340E+001, 3.5000339E+001, 3.5000419E+001, 3.5000595E+001, 3.5000835E+001, 3.5001079E+001, 3.5001266E+001, 3.5001352E+001
 6.4462856E-003, 3.4998860E+001, 3.4999070E+001, 3.4999382E+001, 3.4999745E+001, 3.5000086E+001, 3.5000336E+001, 3.5000457E+001, 3.5000463E+001, 3.5000411E+001, 3.5000381E+001, 3.5000433E+001, 3.5000587E+001, 3.5000813E+001, 3.5001051E+001, 3.5001236E+001, 3.5001323E+001
 6.5574285E-003, 3.4998912E+001, 3.4999162E+001, 3.4999515E+001, 3.4999913E+001, 3.5000274E+001, 3.5000526E+001, 3.5000627E+001, 3.5000595E+001, 3.5000494E+001, 3.5000410E+001, 3.5000415E+001, 3.5000534E+001, 3.5000741E+001, 3.5000974E+001, 3.5001162E+001, 3.5001258E+001
 6.6685714E-003, 3.4999015E+001, 3.4999332E+001, 3.4999751E+001, 3.5000202E+001, 3.5000591E+001, 3.5000834E+001, 3.5000888E+001, 3.5000777E+001, 3.5000579E+001, 3.5000398E+001, 3.5000322E+001, 3.5000387E+001, 3.5000569E+001, 3.5000801E+001, 3.5001007E+001, 3.5001127E+001
 6.7797142E-003, 3.4999211E+001, 3.4999640E+001, 3.5000170E+001, 3.5000708E+001, 3.5001135E+001, 3.5001350E+001, 3.5001306E+001, 3.5001039E+001, 3.5000658E+001, 3.5000299E+001, 3.5000081E+001, 3.5000056E+001, 3.5000204E+001, 3.5000449E+001, 3.5000698E+001, 3.5000875E+001
 6.8908571E-003, 3.4999579E+001, 3.5000195E+001, 3.5000909E+001, 3.5001588E+001, 3.5002070E+001, 3.5002222E+001, 3.5001990E+001, 3.5001435E+001, 3.5000717E+001, 3.5000035E+001, 3.4999563E+001, 3.4999385E+001, 3.4999485E+001, 3.4999770E+001, 3.5000115E+001, 3.5000411E+001
 7.0019999E-003, 3.5000246E+001, 3.5001175E+001, 3.5002195E+001, 3.5003104E+001, 3.5003666E+001, 3.5003692E+001, 3.5003117E+001, 3.5002044E+001, 3.5000725E+001, 3.4999472E+001, 3.4998555E+001, 3.4998116E+001, 3.4998147E+001, 3.4998522E+001, 3.4999056E+001, 3.4999580E+001
 7.1131428E-003, 3.5001422E+001, 3.5002869E+001, 3.5004392E+001, 3.5005672E+001, 3.5006349E+001, 3.5006137E+001, 3.5004953E+001, 3.5002978E+001, 3.5000621E+001, 3.4998388E+001, 3.4996713E+001, 3.4995839E+001, 3.4995772E+001, 3.4996322E+001, 3.4997205E+001, 3.4998142E+001
 7.2242856E-003, 3.5003431E+001, 3.5005719E+001, 3.5008056E+001, 3.5009929E+001, 3.5010767E+001, 3.5010129E+001, 3.5007903E+001, 3.5004402E+001, 3.5000303E+001, 3.4996434E+001, 3.4993507E+001, 3.4991927E+001, 3.4991716E+001, 3.4992586E+001, 3.4994079E+001, 3.4995733E+001
 7.3354285E-003, 3.5006752E+001, 3.5010381E+001, 3.5014009E+001, 3.5016810E+001, 3.5017874E+001, 3.5016511E+001, 3.5012560E+001, 3.5006555E+001, 3.4999615E+001, 3.4993091E+001, 3.4988148E+001, 3.4985446E+001, 3.4985034E+001, 3.4986454E+001, 3.4988968E+001, 3.4991815E+001
 7.4465714E-003, 3.5012068E+001, 3.5017779E+001, 3.5023403E+001, 3.5027629E+001, 3.5029013E+001, 3.5026467E+001, 3.5019757E+001, 3.5009771E+001, 3.4998331E+001, 3.4987623E+001, 3.4979519E+001, 3.4975075E+001, 3.4974381E+001, 3.4976706E+001, 3.4980866E+001, 3.4985629E+001
 7.5577142E-003, 3.5020304E+001, 3.5029160E+001, 3.5037795E+001, 3.5044154E+001, 3.5045983E+001, 3.5041583E+001, 3.5030609E+001, 3.5014491E+001, 3.4996140E+001, 3.4979028E+001, 3.4966104E+001, 3.4959031E+001, 3.4957943E+001, 3.4961696E+001, 3.4968420E+001, 3.4976158E+001
 7.6688571E-003, 3.5032655E+001, 3.5046131E+001, 3.5059175E+001, 3.5068642E+001, 3.5071076E+001, 3.5063871E+001, 3.5046514E+001, 3.5021249E+001, 3.4992617E+001, 3.4966004E+001, 3.4945959E+001, 3.4935027E+001, 3.4933403E+001, 3.4939325E+001, 3.4949905E+001, 3.4962107E+001
 7.7799999E-003, 3.5050581E+001, 3.5070638E+001, 3.5089947E+001, 3.5103803E+001, 3.5107032E+001, 3.5095720E+001, 3.5069116E+001, 3.5030644E+001, 3.4987204E+001, 3.4946951E+001, 3.4916723E+001, 3.4900312E+001, 3.4897984E+001, 3.4907082E+001, 3.4923262E+001, 3.4941932E+001
 7.8911428E-003, 3.5075742E+001, 3.5104882E+001, 3.5132805E+001, 3.5152656E+001, 3.5156878E+001, 3.5139747E+001, 3.5100180E+001, 3.5043262E+001, 3.4979205E+001, 3.4920027E+001, 3.4875735E+001, 3.4851815E+001, 3.4848604E+001, 3.4862193E+001, 3.4886223E+001, 3.4913943E+001
 8.0022856E-003, 3.5109865E+001, 3.5151124E+001, 3.5190491E+001, 3.5218232E+001, 3.5223609E+001, 3.5198488E+001, 3.5141358E+001, 3.5059558E+001, 3.4967793E+001, 3.4883286E+001, 3.4820270E+001, 3.4786445E+001, 3.4782194E+001, 3.4801918E+001, 3.4836562E+001, 3.4876490E+001
 8.1134285E-003, 3.5154518E+001, 3.5211381E+001, 3.5265397E+001, 3.5303108E+001, 3.5309691E+001, 3.5273935E+001, 3.5193826E+001, 3.5079674E+001, 3.4952043E+001, 3.4834911E+001, 3.4747930E+001, 3.4701575E+001, 3.4696207E+001, 3.4724023E+001, 3.4772493E+001, 3.4828271E+001
 8.2245713E-003, 3.5210790E+001, 3.5287000E+001, 3.5359032E+001, 3.5408781E+001, 3.5416380E+001, 3.5366897E+001, 3.5257807E+001, 3.5103201E+001, 3.4930987E+001, 3.4773548E+001, 3.4657192E+001, 3.4595705E+001, 3.4589311E+001, 3.4627419E+001, 3.4693204E+001, 3.4768738E+001
 8.3357142E-003, 3.5278896E+001, 3.5378130E+001, 3.5471366E+001, 3.5534906E+001, 3.5542936E+001, 3.5476279E+001, 3.5332032E+001, 3.5128944E+001, 3.4903727E+001, 3.4698737E+001, 3.4548073E+001, 3.4469265E+001, 3.4462207E+001, 3.4512919E+001, 3.4599480E+001, 3.4698562E+001
 8.4468571E-003, 3.5357728E+001, 3.5483145E+001, 3.5600131E+001, 3.5678520E+001, 3.5685832E+001, 3.5598398E+001, 3.5413281E+001, 3.5154769E+001, 3.4869621E+001, 3.4611410E+001, 3.4422846E+001, 3.4325431E+001, 3.4318449E+001, 3.4383973E+001, 3.4494313E+001, 3.4620087E+001
 8.5579999E-003, 3.5444429E+001, 3.5598093E+001, 3.5740172E+001, 3.5833360E+001, 3.5838141E+001, 3.5726528E+001, 3.5496163E+001, 3.5177657E+001, 3.4828601E+001, 3.4514405E+001, 3.4286677E+001, 3.4170791E+001, 3.4165072E+001, 3.4247206E+001, 3.4383314E+001, 3.4537628E+001
 8.6691428E-003, 3.5534061E+001, 3.5716297E+001, 3.5883017E+001, 3.5989477E+001, 3.5989310E+001, 3.5850916E+001, 3.5573356E+001, 3.5194097E+001, 3.4781629E+001, 3.4412919E+001, 3.4148003E+001, 3.4015631E+001, 3.4012775E+001, 3.4112518E+001, 3.4274761E+001, 3.4457473E+001
 8.7802856E-003, 3.5619515E+001, 3.5828250E+001, 3.6016828E+001, 3.6133364E+001, 3.6125556E+001, 3.5959445E+001, 3.5636423E+001, 3.5200851E+001, 3.4731245E+001, 3.4314741E+001, 3.4018459E+001, 3.3873609E+001, 3.3875441E+001, 3.3992549E+001, 3.4179088E+001, 3.4387459E+001
 8.8914285E-003, 3.5691776E+001, 3.5922000E+001, 3.6126980E+001, 3.6248824E+001, 3.6231076E+001, 3.6039080E+001, 3.5677214E+001, 3.5196010E+001, 3.4682041E+001, 3.4230081E+001, 3.3912141E+001, 3.3760626E+001, 3.3768819E+001, 3.3901364E+001, 3.4107725E+001, 3.4336066E+001
 9.0025713E-003, 3.5740691E+001, 3.5984196E+001, 3.6197465E+001, 3.6318779E+001, 3.6290154E+001, 3.6077981E+001, 3.5689624E+001, 3.5180030E+001, 3.4640771E+001, 3.4170752E+001, 3.3844042E+001, 3.3692814E+001, 3.3708370E+001, 3.3852417E+001, 3.4071371E+001, 3.4311088E+001
 9.1137142E-003, 3.5756340E+001, 3.6001931E+001, 3.6213256E+001, 3.6328051E+001, 3.6290008E+001, 3.6067955E+001, 3.5671208E+001, 3.5156266E+001, 3.4615732E+001, 3.4148526E+001, 3.3827687E+001, 3.3683805E+001, 3.3706516E+001, 3.3856058E+001, 3.4077947E+001, 3.4318119E+001
 9.2248570E-003, 3.5730947E+001, 3.5965318E+001, 3.6163492E+001, 3.6266805E+001, 3.6223899E+001, 3.6006604E+001, 3.5624059E+001, 3.5130535E+001, 3.4615183E+001, 3.4172712E+001, 3.3872227E+001, 3.3741713E+001, 3.3769811E+001, 3.3917108E+001, 3.4130701E+001, 3.4359192E+001
 9.3359999E-003, 3.5661118E+001, 3.5870461E+001, 3.6044951E+001, 3.6133920E+001, 3.6093609E+001, 3.5898414E+001, 3.5554417E+001, 3.5109521E+001, 3.4644953E+001, 3.4247375E+001, 3.3979626E+001, 3.3866544E+001, 3.3896741E+001, 3.4033149E+001, 3.4226976E+001, 3.4431970E+001
 9.4471428E-003, 3.5549865E+001, 3.5722054E+001, 3.5864796E+001, 3.5939135E+001, 3.5910347E+001, 3.5754222E+001, 3.5470965E+001, 3.5098386E+001, 3.4705889E+001, 3.4369032E+001, 3.4142819E+001, 3.4048877E+001, 3.4076910E+001, 3.4194112E+001, 3.4358096E+001, 3.4529762E+001
 9.5582856E-003, 3.5407650E+001, 3.5534553E+001, 3.5641348E+001, 3.5702864E+001, 3.5693452E+001, 3.5589102E+001, 3.5382391E+001, 3.5098514E+001, 3.4792204E+001, 3.4525807E+001, 3.4345665E+001, 3.4270455E+001, 3.4292032E+001, 3.4383464E+001, 3.4510489E+001, 3.4642437E+001
 9.6694285E-003, 3.5251675E+001, 3.5330907E+001, 3.5401936E+001, 3.5453196E+001, 3.5467082E+001, 3.5419437E+001, 3.5295309E+001, 3.5106535E+001, 3.4891677E+001, 3.4698730E+001, 3.4565076E+001, 3.4506801E+001, 3.4518702E+001, 3.4580788E+001, 3.4667854E+001, 3.4758038E+001
 9.7805713E-003, 3.5103002E+001, 3.5138499E+001, 3.5177818E+001, 3.5220639E+001, 3.5255910E+001, 3.5260323E+001, 3.5213557E+001, 3.5115323E+001, 3.4988055E+001, 3.4865142E+001, 3.4775004E+001, 3.4731366E+001, 3.4732326E+001, 3.4765193E+001, 3.4813843E+001, 3.4864711E+001
 9.8917142E-003, 3.4981921E+001, 3.4983051E+001, 3.4997396E+001, 3.5032041E+001, 3.5081054E+001, 3.5124074E+001, 3.5139110E+001, 3.5116793E+001, 3.5065087E+001, 3.5003397E+001, 3.4951328E+001, 3.4920215E+001, 3.4911285E+001, 3.4918741E+001, 3.4934662E+001, 3.4952547E+001
 1.0002857E-002, 3.4902886E+001, 3.4882324E+001, 3.4879733E+001, 3.4905326E+001, 3.4957031E+001, 3.5019712E+001, 3.5073877E+001, 3.5105385E+001, 3.5110951E+001, 3.5097593E+001, 3.5076456E+001, 3.5056191E+001, 3.5040457E+001, 3.5029204E+001, 3.5021102E+001, 3.5015014E+001
 1.0114000E-002, 3.4870820E+001, 3.4841801E+001, 3.4830400E+001, 3.4846234E+001, 3.4889845E+001, 3.4952651E+001, 3.5021014E+001, 3.5080690E+001, 3.5121596E+001, 3.5141066E+001, 3.5142585E+001, 3.5131726E+001, 3.5113451E+001, 3.5091724E+001, 3.5069731E+001, 3.5049791E+001
 1.0225143E-002, 3.4880223E+001, 3.4853909E+001, 3.4840892E+001, 3.4847714E+001, 3.4876164E+001, 3.4923901E+001, 3.4984640E+001, 3.5047929E+001, 3.5101821E+001, 3.5137705E+001, 3.5152941E+001, 3.5149811E+001, 3.5133254E+001, 3.5109200E+001, 3.5083107E+001, 3.5058910E+001
 1.0336286E-002, 3.4917419E+001, 3.4901005E+001, 3.4891741E+001, 3.4892141E+001, 3.4903906E+001, 3.4929049E+001, 3.4967911E+001, 3.5015914E+001, 3.5063579E+001, 3.5100619E+001, 3.5120650E+001, 3.5122943E+001, 3.5111219E+001, 3.5091360E+001, 3.5069022E+001, 3.5048190E+001
 1.0447428E-002, 3.4965028E+001, 3.4960996E+001, 3.4958356E+001, 3.4956055E+001, 3.4954737E+001, 3.4958103E+001, 3.4970592E+001, 3.4993327E+001, 3.5021935E+001, 3.5048339E+001, 3.5065330E+001, 3.5070102E+001, 3.5064436E+001, 3.5052581E+001, 3.5038787E+001, 3.5025966E+001
 1.0558571E-002, 3.5007034E+001, 3.5013630E+001, 3.5017800E+001, 3.5016323E+001, 3.5008469E+001, 3.4997189E+001, 3.4987804E+001, 3.4985068E+001, 3.4990108E+001, 3.4999532E+001, 3.5008050E+001, 3.5012227E+001, 3.5011860E+001, 3.5008721E+001, 3.5004773E+001, 3.5001275E+001
 1.0669714E-002, 3.5032790E+001, 3.5045496E+001, 3.5054448E+001, 3.5055963E+001, 3.5048243E+001, 3.5032079E+001, 3.5010983E+001, 3.4990453E+001, 3.4975498E+001, 3.4967875E+001, 3.4965950E+001, 3.4967156E+001, 3.4969909E+001, 3.4973539E+001, 3.4977647E+001, 3.4981846E+001
 1.0780857E-002, 3.5038926E+001, 3.5052415E+001, 3.5062946E+001, 3.5067766E+001, 3.5064702E+001, 3.5052223E+001, 3.5030732E+001, 3.5003986E+001, 3.4978205E+001, 3.4958862E+001, 3.4948183E+001, 3.4945470E+001, 3.4948721E+001, 3.4955610E+001, 3.4964020E+001, 3.4972394E+001
 1.0892000E-002, 3.5028875E+001, 3.5038844E+001, 3.5047820E+001, 3.5054684E+001, 3.5057594E+001, 3.5053551E+001, 3.5040117E+001, 3.5018091E+001, 3.4992352E+001, 3.4969545E+001, 3.4954517E+001, 3.4948586E+001, 3.4950256E+001, 3.4956727E+001, 3.4965233E+001, 3.4973783E+001
 1.1003143E-002, 3.5010482E+001, 3.5014823E+001, 3.5020208E+001, 3.5027073E+001, 3.5034368E+001, 3.5038929E+001, 3.5036883E+001, 3.5026331E+001, 3.5009295E+001, 3.4991046E+001, 3.4976977E+001, 3.4969755E+001, 3.4968940E+001, 3.4972380E+001, 3.4977742E+001, 3.4983333E+001
 1.1114286E-002, 3.4992608E+001, 3.4991657E+001, 3.4993007E+001, 3.4997999E+001, 3.5006462E+001, 3.5016219E+001, 3.5023727E+001, 3.5025722E+001, 3.5021266E+001, 3.5012638E+001, 3.5003770E+001, 3.4997543E+001, 3.4994610E+001, 3.4994144E+001, 3.4994975E+001, 3.4996198E+001
 1.1225428E-002, 3.4981924E+001, 3.4977827E+001, 3.4976152E+001, 3.4978310E+001, 3.4984754E+001, 3.4994852E+001, 3.5006726E+001, 3.5017402E+001, 3.5024073E+001, 3.5025825E+001, 3.5023947E+001, 3.5020440E+001, 3.5016634E+001, 3.5013093E+001, 3.5009978E+001, 3.5007298E+001
 1.1336571E-002, 3.4980944E+001, 3.4976491E+001, 3.4973632E+001, 3.4973183E+001, 3.4975801E+001, 3.4982231E+001, 3.4992652E+001, 3.5005613E+001, 3.5018077E+001, 3.5027028E+001, 3.5031136E+001, 3.5030900E+001, 3.5027692E+001, 3.5022970E+001, 3.5017878E+001, 3.5013110E+001
 1.1447714E-002, 3.4987873E+001, 3.4985303E+001, 3.4983089E+001, 3.4981208E+001, 3.4980121E+001, 3.4981243E+001, 3.4986251E+001, 3.4995545E+001, 3.5007281E+001, 3.5018102E+001, 3.5025139E+001, 3.5027456E+001, 3.5025886E+001, 3.5022015E+001, 3.5017297E+001, 3.5012682E+001
 1.1558857E-002, 3.4998112E+001, 3.4998342E+001, 3.4997892E+001, 3.4996076E+001, 3.4992950E+001, 3.4989757E+001, 3.4988546E+001, 3.4990999E+001, 3.4997082E+001, 3.5004697E+001, 3.5011006E+001, 3.5014298E+001, 3.5014597E+001, 3.5012906E+001, 3.5010315E+001, 3.5007587E+001
 1.1670000E-002, 3.5006621E+001, 3.5009145E+001, 3.5010556E+001, 3.5009946E+001, 3.5006991E+001, 3.5002168E+001, 3.4996824E+001, 3.4992855E+001, 3.4991712E+001, 3.4993320E+001, 3.4996193E+001, 3.4998760E+001, 3.5000350E+001, 3.5001036E+001, 3.5001131E+001, 3.5000924E+001
 1.1781143E-002, 3.5010078E+001, 3.5013472E+001, 3.5015985E+001, 3.5016935E+001, 3.5015816E+001, 3.5012223E+001, 3.5006245E+001, 3.4999021E+001, 3.4992531E+001, 3.4988437E+001, 3.4987113E+001, 3.4987855E+001, 3.4989715E+001, 3.4991943E+001, 3.4994062E+001, 3.4995848E+001
 1.1892286E-002, 3.5007989E+001, 3.5010710E+001, 3.5013204E+001, 3.5015268E+001, 3.5016449E+001, 3.5015775E+001, 3.5012229E+001, 3.5005763E+001, 3.4997855E+001, 3.4990858E+001, 3.4986575E+001, 3.4985391E+001, 3.4986571E+001, 3.4989004E+001, 3.4991754E+001, 3.4994270E+001
 1.2003428E-002, 3.5002412E+001, 3.5003516E+001, 3.5005079E+001, 3.5007350E+001, 3.5010089E+001, 3.5012285E+001, 3.5012474E+001, 3.5009655E+001, 3.5004204E+001, 3.4997964E+001, 3.4993119E+001, 3.4990823E+001, 3.4990864E+001, 3.4992333E+001, 3.4994322E+001, 3.4996240E+001
 1.2114571E-002, 3.4996614E+001, 3.4996078E+001, 3.4996387E+001, 3.4997996E+001, 3.5000904E+001, 3.5004514E+001, 3.5007690E+001, 3.5009148E+001, 3.5008208E+001, 3.5005441E+001, 3.5002333E+001, 3.5000149E+001, 3.4999227E+001, 3.4999236E+001, 3.4999693E+001, 3.5000221E+001
 1.2225714E-002, 3.4993377E+001, 3.4991949E+001, 3.4991315E+001, 3.4991838E+001, 3.4993660E+001, 3.4996772E+001, 3.5000857E+001, 3.5005054E+001, 3.5008190E+001, 3.5009543E+001, 3.5009314E+001, 3.5008256E+001, 3.5007002E+001, 3.5005853E+001, 3.5004875E+001, 3.5004020E+001
 1.2336857E-002, 3.4993774E+001, 3.4992483E+001, 3.4991595E+001, 3.4991188E+001, 3.4991402E+001, 3.4992676E+001, 3.4995508E+001, 3.4999842E+001, 3.5004730E+001, 3.5008777E+001, 3.5011032E+001, 3.5011449E+001, 3.5010588E+001, 3.5009108E+001, 3.5007472E+001, 3.5005900E+001
 1.2448000E-002, 3.4996924E+001, 3.4996529E+001, 3.4996062E+001, 3.4995299E+001, 3.4994271E+001, 3.4993522E+001, 3.4993952E+001, 3.4996210E+001, 3.5000056E+001, 3.5004291E+001, 3.5007505E+001, 3.5009000E+001, 3.5008977E+001, 3.5008035E+001, 3.5006711E+001, 3.5005320E+001
 1.2559143E-002, 3.5000728E+001, 3.5001387E+001, 3.5001670E+001, 3.5001197E+001, 3.4999864E+001, 3.4997984E+001, 3.4996296E+001, 3.4995701E+001, 3.4996704E+001, 3.4998930E+001, 3.5001346E+001, 3.5003064E+001, 3.5003851E+001, 3.5003921E+001, 3.5003566E+001, 3.5003013E+001
 1.2670286E-002, 3.5003098E+001, 3.5004390E+001, 3.5005301E+001, 3.5005505E+001, 3.5004811E+001, 3.5003141E+001, 3.5000683E+001, 3.4998066E+001, 3.4996173E+001, 3.4995564E+001, 3.4996098E+001, 3.4997202E+001, 3.4998372E+001, 3.4999341E+001, 3.5000023E+001, 3.5000439E+001
 1.2781428E-002, 3.5003019E+001, 3.5004255E+001, 3.5005362E+001, 3.5006214E+001, 3.5006617E+001, 3.5006175E+001, 3.5004485E+001, 3.5001605E+001, 3.4998282E+001, 3.4995606E+001, 3.4994307E+001, 3.4994394E+001, 3.4995377E+001, 3.4996691E+001, 3.4997940E+001, 3.4998949E+001
 1.2892571E-002, 3.5000919E+001, 3.5001548E+001, 3.5002385E+001, 3.5003519E+001, 3.5004821E+001, 3.5005804E+001, 3.5005762E+001, 3.5004236E+001, 3.5001479E+001, 3.4998475E+001, 3.4996339E+001, 3.4995587E+001, 3.4995990E+001, 3.4996997E+001, 3.4998131E+001, 3.4999124E+001
 1.3003714E-002, 3.4998237E+001, 3.4998124E+001, 3.4998446E+001, 3.4999398E+001, 3.5000939E+001, 3.5002731E+001, 3.5004179E+001, 3.5004641E+001, 3.5003837E+001, 3.5002164E+001, 3.5000485E+001, 3.4999486E+001, 3.4999277E+001, 3.4999592E+001, 3.5000107E+001, 3.5000590E+001
 1.3114857E-002, 3.4996520E+001, 3.4995955E+001, 3.4995833E+001, 3.4996303E+001, 3.4997378E+001, 3.4998997E+001, 3.5000971E+001, 3.5002869E+001, 3.5004142E+001, 3.5004501E+001, 3.5004148E+001, 3.5003548E+001, 3.5003036E+001, 3.5002710E+001, 3.5002518E+001, 3.5002355E+001
 1.3226000E-002, 3.4996560E+001, 3.4996040E+001, 3.4995776E+001, 3.4995765E+001, 3.4996020E+001, 3.4996711E+001, 3.4998087E+001, 3.5000149E+001, 3.5002463E+001, 3.5004351E+001, 3.5005360E+001, 3.5005514E+001, 3.5005145E+001, 3.5004583E+001, 3.5003998E+001, 3.5003426E+001
 1.3337143E-002, 3.4998060E+001, 3.4997979E+001, 3.4997902E+001, 3.4997673E+001, 3.4997256E+001, 3.4996890E+001, 3.4997039E+001, 3.4998086E+001, 3.4999975E+001, 3.5002119E+001, 3.5003784E+001, 3.5004604E+001, 3.5004703E+001, 3.5004390E+001, 3.5003898E+001, 3.5003337E+001
 1.3448286E-002, 3.4999938E+001, 3.5000377E+001, 3.5000656E+001, 3.5000552E+001, 3.4999975E+001, 3.4999049E+001, 3.4998135E+001, 3.4997733E+001, 3.4998179E+001, 3.4999342E+001, 3.5000696E+001, 3.5001750E+001, 3.5002349E+001, 3.5002569E+001, 3.5002532E+001, 3.5002329E+001
 1.3559428E-002, 3.5001039E+001, 3.5001764E+001, 3.5002337E+001, 3.5002584E+001, 3.5002386E+001, 3.5001659E+001, 3.5000448E+001, 3.4999064E+001, 3.4998017E+001, 3.4997689E+001, 3.4998073E+001, 3.4998854E+001, 3.4999698E+001, 3.5000395E+001, 3.5000864E+001, 3.5001115E+001
 1.3670571E-002, 3.5000815E+001, 3.5001454E+001, 3.5002096E+001, 3.5002690E+001, 3.5003126E+001, 3.5003153E+001, 3.5002491E+001, 3.5001106E+001, 3.4999388E+001, 3.4997983E+001, 3.4997372E+001, 3.4997586E+001, 3.4998303E+001, 3.4999150E+001, 3.4999882E+001, 3.5000415E+001
 1.3781714E-002, 3.4999566E+001, 3.4999849E+001, 3.5000330E+001, 3.5001070E+001, 3.5001994E+001, 3.5002817E+001, 3.5003119E+001, 3.5002590E+001, 3.5001310E+001, 3.4999810E+001, 3.4998750E+001, 3.4998452E+001, 3.4998781E+001, 3.4999403E+001, 3.5000041E+001, 3.5000551E+001
 1.3892857E-002, 3.4998167E+001, 3.4998077E+001, 3.4998297E+001, 3.4998924E+001, 3.4999920E+001, 3.5001099E+001, 3.5002151E+001, 3.5002714E+001, 3.5002578E+001, 3.5001896E+001, 3.5001120E+001, 3.5000650E+001, 3.5000582E+001, 3.5000785E+001, 3.5001079E+001, 3.5001324E+001
 1.4004000E-002, 3.4997478E+001, 3.4997229E+001, 3.4997263E+001, 3.4997619E+001, 3.4998274E+001, 3.4999202E+001, 3.5000358E+001, 3.5001560E+001, 3.5002503E+001, 3.5002954E+001, 3.5002939E+001, 3.5002700E+001, 3.5002466E+001, 3.5002331E+001, 3.5002269E+001, 3.5002198E+001
 1.4115143E-002, 3.4997825E+001, 3.4997706E+001, 3.4997732E+001, 3.4997841E+001, 3.4997994E+001, 3.4998285E+001, 3.4998908E+001, 3.4999962E+001, 3.5001276E+001, 3.5002460E+001, 3.5003183E+001, 3.5003403E+001, 3.5003317E+001, 3.5003123E+001, 3.5002907E+001, 3.5002659E+001
 1.4226286E-002, 3.4998860E+001, 3.4999045E+001, 3.4999225E+001, 3.4999257E+001, 3.4999075E+001, 3.4998778E+001, 3.4998635E+001, 3.4998938E+001, 3.4999776E+001, 3.5000905E+001, 3.5001909E+001, 3.5002531E+001, 3.5002791E+001, 3.5002822E+001, 3.5002718E+001, 3.5002513E+001
 1.4337428E-002, 3.4999843E+001, 3.5000300E+001, 3.5000682E+001, 3.5000839E+001, 3.5000679E+001, 3.5000210E+001, 3.4999576E+001, 3.4999067E+001, 3.4998980E+001, 3.4999395E+001, 3.5000114E+001, 3.5000847E+001, 3.5001423E+001, 3.5001791E+001, 3.5001958E+001, 3.5001956E+001
 1.4448571E-002, 3.5000151E+001, 3.5000682E+001, 3.5001188E+001, 3.5001577E+001, 3.5001755E+001, 3.5001602E+001, 3.5001040E+001, 3.5000179E+001, 3.4999348E+001, 3.4998908E+001, 3.4999012E+001, 3.4999527E+001, 3.5000191E+001, 3.5000783E+001, 3.5001190E+001, 3.5001403E+001
 1.4559714E-002, 3.4999655E+001, 3.5000045E+001, 3.5000536E+001, 3.5001119E+001, 3.5001715E+001, 3.5002126E+001, 3.5002102E+001, 3.5001527E+001, 3.5000581E+001, 3.4999691E+001, 3.4999259E+001, 3.4999385E+001, 3.4999868E+001, 3.5000436E+001, 3.5000905E+001, 3.5001210E+001
 1.4670857E-002, 3.4998752E+001, 3.4998912E+001, 3.4999287E+001, 3.4999921E+001, 3.5000755E+001, 3.5001604E+001, 3.5002197E+001, 3.5002299E+001, 3.5001870E+001, 3.5001167E+001, 3.5000594E+001, 3.5000406E+001, 3.5000569E+001, 3.5000902E+001, 3.5001234E+001, 3.5001468E+001
 1.4782000E-002, 3.4998063E+001, 3.4998077E+001, 3.4998338E+001, 3.4998877E+001, 3.4999645E+001, 3.5000543E+001, 3.5001435E+001, 3.5002127E+001, 3.5002446E+001, 3.5002374E+001, 3.5002094E+001, 3.5001848E+001, 3.5001761E+001, 3.5001814E+001, 3.5001919E+001, 3.5001979E+001
 1.4893143E-002, 3.4998008E+001, 3.4998065E+001, 3.4998306E+001, 3.4998696E+001, 3.4999179E+001, 3.4999753E+001, 3.5000461E+001, 3.5001286E+001, 3.5002074E+001, 3.5002622E+001, 3.5002831E+001, 3.5002792E+001, 3.5002674E+001, 3.5002584E+001, 3.5002519E+001, 3.5002418E+001
 1.5004286E-002, 3.4998551E+001, 3.4998816E+001, 3.4999159E+001, 3.4999469E+001, 3.4999670E+001, 3.4999801E+001, 3.5000015E+001, 3.5000468E+001, 3.5001165E+001, 3.5001915E+001, 3.5002473E+001, 3.5002744E+001, 3.5002812E+001, 3.5002786E+001, 3.5002704E+001, 3.5002545E+001
 1.5115428E-002, 3.4999267E+001, 3.4999784E+001, 3.5000303E+001, 3.5000677E+001, 3.5000809E+001, 3.5000695E+001, 3.5000459E+001, 3.5000322E+001, 3.5000468E+001, 3.5000898E+001, 3.5001438E+001, 3.5001903E+001, 3.5002222E+001, 3.5002398E+001, 3.5002434E+001, 3.5002336E+001
 1.5226571E-002, 3.4999665E+001, 3.5000350E+001, 3.5001042E+001, 3.5001614E+001, 3.5001950E+001, 3.5001954E+001, 3.5001608E+001, 3.5001055E+001, 3.5000565E+001, 3.5000376E+001, 3.5000545E+001, 3.5000945E+001, 3.5001391E+001, 3.5001746E+001, 3.5001937E+001, 3.5001961E+001
 1.5337714E-002, 3.4999531E+001, 3.5000259E+001, 3.5001076E+001, 3.5001902E+001, 3.5002607E+001, 3.5003003E+001, 3.5002920E+001, 3.5002344E+001, 3.5001501E+001, 3.5000762E+001, 3.5000418E+001, 3.5000507E+001, 3.5000850E+001, 3.5001229E+001, 3.5001505E+001, 3.5001633E+001
 1.5448857E-002, 3.4999064E+001, 3.4999787E+001, 3.5000704E+001, 3.5001757E+001, 3.5002799E+001, 3.5003599E+001, 3.5003913E+001, 3.5003611E+001, 3.5002797E+001, 3.5001813E+001, 3.5001058E+001, 3.5000736E+001, 3.5000786E+001, 3.5001021E+001, 3.5001273E+001, 3.5001441E+001
 1.5560000E-002, 3.4998734E+001, 3.4999551E+001, 3.5000624E+001, 3.5001857E+001, 3.5003064E+001, 3.5004018E+001, 3.5004519E+001, 3.5004439E+001, 3.5003800E+001, 3.5002822E+001, 3.5001852E+001, 3.5001181E+001, 3.5000901E+001, 3.5000927E+001, 3.5001102E+001, 3.5001273E+001
 1.5671143E-002, 3.4998979E+001, 3.5000117E+001, 3.5001501E+001, 3.5002930E+001, 3.5004141E+001, 3.5004918E+001, 3.5005164E+001, 3.5004879E+001, 3.5004135E+001, 3.5003086E+001, 3.5001974E+001, 3.5001075E+001, 3.5000574E+001, 3.5000474E+001, 3.5000633E+001, 3.5000854E+001
 1.5782286E-002, 3.4999962E+001, 3.5001699E+001, 3.5003625E+001, 3.5005387E+001, 3.5006600E+001, 3.5006999E+001, 3.5006552E+001, 3.5005440E+001, 3.5003945E+001, 3.5002338E+001, 3.5000861E+001, 3.4999747E+001, 3.4999166E+001, 3.4999121E+001, 3.4999433E+001, 3.4999855E+001
 1.5893428E-002, 3.5001568E+001, 3.5004160E+001, 3.5006900E+001, 3.5009262E+001, 3.5010676E+001, 3.5010725E+001, 3.5009326E+001, 3.5006804E+001, 3.5003759E+001, 3.5000813E+001, 3.4998430E+001, 3.4996880E+001, 3.4996253E+001, 3.4996433E+001, 3.4997125E+001, 3.4997989E+001
 1.6004571E-002, 3.5003625E+001, 3.5007311E+001, 3.5011172E+001, 3.5014484E+001, 3.5016425E+001, 3.5016302E+001, 3.5013854E+001, 3.5009469E+001, 3.5004112E+001, 3.4998940E+001, 3.4994884E+001, 3.4992424E+001, 3.4991594E+001, 3.4992087E+001, 3.4993402E+001, 3.4995018E+001
 1.6115714E-002, 3.5006205E+001, 3.5011287E+001, 3.5016648E+001, 3.5021309E+001, 3.5024089E+001, 3.5023914E+001, 3.5020267E+001, 3.5013566E+001, 3.5005159E+001, 3.4996858E+001, 3.4990255E+001, 3.4986236E+001, 3.4984887E+001, 3.4985711E+001, 3.4987913E+001, 3.4990665E+001
 1.6226857E-002, 3.5009788E+001, 3.5016754E+001, 3.5024142E+001, 3.5030592E+001, 3.5034415E+001, 3.5034058E+001, 3.5028737E+001, 3.5018958E+001, 3.5006554E+001, 3.4994103E+001, 3.4983997E+001, 3.4977694E+001, 3.4975471E+001, 3.4976668E+001, 3.4980108E+001, 3.4984498E+001
 1.6338000E-002, 3.5015204E+001, 3.5024817E+001, 3.5034980E+001, 3.5043749E+001, 3.5048727E+001, 3.5047751E+001, 3.5039778E+001, 3.5025565E+001, 3.5007669E+001, 3.4989660E+001, 3.4974898E+001, 3.4965543E+001, 3.4962157E+001, 3.4963912E+001, 3.4969121E+001, 3.4975847E+001
 1.6449143E-002, 3.5023410E+001, 3.5036728E+001, 3.5050669E+001, 3.5062460E+001, 3.5068722E+001, 3.5066478E+001, 3.5054388E+001, 3.5033654E+001, 3.5007963E+001, 3.4982308E+001, 3.4961330E+001, 3.4948036E+001, 3.4943288E+001, 3.4945994E+001, 3.4953768E+001, 3.4963803E+001
 1.6560286E-002, 3.5035276E+001, 3.5053608E+001, 3.5072590E+001, 3.5088330E+001, 3.5096146E+001, 3.5091933E+001, 3.5073910E+001, 3.5043905E+001, 3.5007246E+001, 3.4971009E+001, 3.4941646E+001, 3.4923254E+001, 3.4916959E+001, 3.4921206E+001, 3.4932641E+001, 3.4947300E+001
 1.6671428E-002, 3.5051548E+001, 3.5076405E+001, 3.5101914E+001, 3.5122759E+001, 3.5132557E+001, 3.5125689E+001, 3.5099698E+001, 3.5057162E+001, 3.5005611E+001, 3.4955033E+001, 3.4914433E+001, 3.4889377E+001, 3.4881248E+001, 3.4887771E+001, 3.4904263E+001, 3.4925232E+001
 1.6782571E-002, 3.5072986E+001, 3.5106068E+001, 3.5139782E+001, 3.5167036E+001, 3.5179292E+001, 3.5168986E+001, 3.5132740E+001, 3.5074000E+001, 3.5003071E+001, 3.4933753E+001, 3.4878472E+001, 3.4844781E+001, 3.4834379E+001, 3.4844011E+001, 3.4867245E+001, 3.4896574E+001
 1.6893714E-002, 3.5100556E+001, 3.5143781E+001, 3.5187542E+001, 3.5222528E+001, 3.5237541E+001, 3.5222655E+001, 3.5173416E+001, 3.5094336E+001, 3.4999114E+001, 3.4906261E+001, 3.4832510E+001, 3.4787973E+001, 3.4774797E+001, 3.4788502E+001, 3.4820431E+001, 3.4860504E+001
 1.7004857E-002, 3.5135481E+001, 3.5191016E+001, 3.5246779E+001, 3.5290696E+001, 3.5308348E+001, 3.5287098E+001, 3.5221415E+001, 3.5117272E+001, 3.4992470E+001, 3.4871126E+001, 3.4775101E+001, 3.4717577E+001, 3.4701270E+001, 3.4720230E+001, 3.4763072E+001, 3.4816532E+001
 1.7116000E-002, 3.5179043E+001, 3.5249269E+001, 3.5319013E+001, 3.5372785E+001, 3.5392368E+001, 3.5362150E+001, 3.5275736E+001, 3.5141172E+001, 3.4981227E+001, 3.4826522E+001, 3.4704748E+001, 3.4632522E+001, 3.4613132E+001, 3.4638852E+001, 3.4695050E+001, 3.4764682E+001
 1.7227143E-002, 3.5232214E+001, 3.5319575E+001, 3.5405129E+001, 3.5469250E+001, 3.5489358E+001, 3.5446747E+001, 3.5334588E+001, 3.5163840E+001, 3.4963217E+001, 3.4770716E+001, 3.4620418E+001, 3.4532525E+001, 3.4510708E+001, 3.4545055E+001, 3.4617175E+001, 3.4705715E+001
 1.7338286E-002, 3.5295237E+001, 3.5401997E+001, 3.5504792E+001, 3.5579122E+001, 3.5597575E+001, 3.5538438E+001, 3.5395149E+001, 3.5182603E+001, 3.4936429E+001, 3.4702707E+001, 3.4522245E+001, 3.4418740E+001, 3.4395849E+001, 3.4440979E+001, 3.4531508E+001, 3.4641371E+001
 1.7449428E-002, 3.5367337E+001, 3.5495274E+001, 3.5616041E+001, 3.5699562E+001, 3.5713307E+001, 3.5632962E+001, 3.5453276E+001, 3.5194270E+001, 3.4899269E+001, 3.4622743E+001, 3.4412163E+001, 3.4294362E+001, 3.4272438E+001, 3.4330600E+001, 3.4441637E+001, 3.4574561E+001
 1.7560571E-002, 3.5446547E+001, 3.5596639E+001, 3.5735089E+001, 3.5825652E+001, 3.5830692E+001, 3.5724129E+001, 3.5503473E+001, 3.5195183E+001, 3.4850728E+001, 3.4532606E+001, 3.4294270E+001, 3.4164980E+001, 3.4146660E+001, 3.4219918E+001, 3.4352789E+001, 3.4509406E+001
 1.7671714E-002, 3.5529574E+001, 3.5701660E+001, 3.5856170E+001, 3.5950335E+001, 3.5941856E+001, 3.5804178E+001, 3.5539371E+001, 3.5181683E+001, 3.4790716E+001, 3.4435803E+001, 3.4174903E+001, 3.4038571E+001, 3.4026939E+001, 3.4116823E+001, 3.4271653E+001, 3.4451052E+001
 1.7782857E-002, 3.5611590E+001, 3.5803980E+001, 3.5971321E+001, 3.6064417E+001, 3.6037301E+001, 3.5864614E+001, 3.5554858E+001, 3.5151190E+001, 3.4720794E+001, 3.4337838E+001, 3.4062520E+001, 3.3925142E+001, 3.3923447E+001, 3.4030572E+001, 3.4205865E+001, 3.4405222E+001
 1.7894000E-002, 3.5685999E+001, 3.5895026E+001, 3.6070194E+001, 3.6156719E+001, 3.6106584E+001, 3.5897408E+001, 3.5545605E+001, 3.5103689E+001, 3.4645207E+001, 3.4246571E+001, 3.3967435E+001, 3.3836029E+001, 3.3847199E+001, 3.3970835E+001, 3.4163145E+001, 3.4377506E+001
 1.8005143E-002, 3.5744404E+001, 3.5964020E+001, 3.6140300E+001, 3.6214740E+001, 3.6139417E+001, 3.5896404E+001, 3.5510552E+001, 3.5043013E+001, 3.4571676E+001, 3.4172314E+001, 3.3901227E+001, 3.3782833E+001, 3.3808762E+001, 3.3946413E+001, 3.4150173E+001, 3.4372503E+001
 1.8116286E-002, 3.5777101E+001, 3.5998732E+001, 3.6168175E+001, 3.6226212E+001, 3.6127336E+001, 3.5858744E+001, 3.5452839E+001, 3.4977206E+001, 3.4511197E+001, 3.4127100E+001, 3.3875553E+001, 3.3775924E+001, 3.3816681E+001, 3.3963778E+001, 3.4171398E+001, 3.4392962E+001
 1.8227428E-002, 3.5774317E+001, 3.5987244E+001, 3.6141689E+001, 3.6181601E+001, 3.6065802E+001, 3.5786019E+001, 3.5379782E+001, 3.4917485E+001, 3.4476393E+001, 3.4122777E+001, 3.3900190E+001, 3.3822572E+001, 3.3875799E+001, 3.4025698E+001, 3.4228028E+001, 3.4439116E+001
 1.8338571E-002, 3.5728190E+001, 3.5920641E+001, 3.6053186E+001, 3.6077031E+001, 3.5956140E+001, 3.5684737E+001, 3.5301756E+001, 3.4875887E+001, 3.4478574E+001, 3.4168111E+001, 3.3980561E+001, 3.3924991E+001, 3.3985822E+001, 3.4130267E+001, 3.4317451E+001, 3.4508399E+001
 1.8449714E-002, 3.5635161E+001, 3.5796055E+001, 3.5902602E+001, 3.5916593E+001, 3.5806429E+001, 3.5565604E+001, 3.5230046E+001, 3.4862169E+001, 3.4524367E+001, 3.4265783E+001, 3.4115455E+001, 3.4078876E+001, 3.4140542E+001, 3.4270642E+001, 3.4433289E+001, 3.4595628E+001
 1.8560857E-002, 3.5498197E+001, 3.5619166E+001, 3.5699404E+001, 3.5712960E+001, 3.5630622E+001, 3.5441457E+001, 3.5174111E+001, 3.4880907E+001, 3.4613096E+001, 3.4410409E+001, 3.4295878E+001, 3.4273036E+001, 3.4328082E+001, 3.4435639E+001, 3.4566108E+001, 3.4693635E+001
 1.8672000E-002, 3.5328078E+001, 3.5405164E+001, 3.5462406E+001, 3.5485778E+001, 3.5445887E+001, 3.5324295E+001, 3.5138991E+001, 3.4929726E+001, 3.4735919E+001, 3.4588474E+001, 3.4505647E+001, 3.4490485E+001, 3.4532256E+001, 3.4611141E+001, 3.4704649E+001, 3.4794214E+001
 1.8783143E-002, 3.5143008E+001, 3.5177433E+001, 3.5217199E+001, 3.5258223E+001, 3.5269104E+001, 3.5222476E+001, 3.5123819E+001, 3.4999314E+001, 3.4877078E+001, 3.4780341E+001, 3.4723729E+001, 3.4710819E+001, 3.4734789E+001, 3.4781995E+001, 3.4837316E+001, 3.4889168E+001
 1.8894286E-002, 3.4966117E+001, 3.4963887E+001, 3.4991805E+001, 3.5052967E+001, 3.5113949E+001, 3.5139342E+001, 3.5122147E+001, 3.5075314E+001, 3.5016881E+001, 3.4963710E+001, 3.4927656E+001, 3.4913276E+001, 3.4917867E+001, 3.4933995E+001, 3.4953598E+001, 3.4971268E+001
 1.9005428E-002, 3.4821101E+001, 3.4791698E+001, 3.4811751E+001, 3.4888874E+001, 3.4989661E+001, 3.5073922E+001, 3.5124174E+001, 3.5141599E+001, 3.5135532E+001, 3.5117508E+001, 3.5097086E+001, 3.5079717E+001, 3.5066461E+001, 3.5055577E+001, 3.5045214E+001, 3.5034983E+001
 1.9116571E-002, 3.4726987E+001, 3.4681724E+001, 3.4695769E+001, 3.4779046E+001, 3.4901578E+001, 3.5023355E+001, 3.5120235E+001, 3.5184096E+001, 3.5216865E+001, 3.5225308E+001, 3.5216721E+001, 3.5196964E+001, 3.5170069E+001, 3.5139008E+001, 3.5106885E+001, 3.5076944E+001
 1.9227714E-002, 3.4693571E+001, 3.4644058E+001, 3.4652741E+001, 3.4729914E+001, 3.4852374E+001, 3.4985750E+001, 3.5104363E+001, 3.5194251E+001, 3.5251328E+001, 3.5277771E+001, 3.5278258E+001, 3.5258279E+001, 3.5223758E+001, 3.5181067E+001, 3.5136729E+001, 3.5096173E+001
 1.9338857E-002, 3.4718982E+001, 3.4675807E+001, 3.4680115E+001, 3.4740586E+001, 3.4842611E+001, 3.4961878E+001, 3.5076619E+001, 3.5171337E+001, 3.5237874E+001, 3.5274048E+001, 3.5281378E+001, 3.5264038E+001, 3.5228588E+001, 3.5183273E+001, 3.5136374E+001, 3.5094114E+001
 1.9450000E-002, 3.4790211E+001, 3.4761681E+001, 3.4763996E+001, 3.4802230E+001, 3.4869858E+001, 3.4954644E+001, 3.5043151E+001, 3.5122904E+001, 3.5184444E+001, 3.5222091E+001, 3.5233867E+001, 3.5221707E+001, 3.5191489E+001, 3.5151711E+001, 3.5110778E+001, 3.5074496E+001
 1.9561143E-002, 3.4886478E+001, 3.4877411E+001, 3.4881313E+001, 3.4898187E+001, 3.4926985E+001, 3.4966507E+001, 3.5013708E+001, 3.5062898E+001, 3.5106669E+001, 3.5137663E+001, 3.5150760E+001, 3.5145060E+001, 3.5124545E+001, 3.5096417E+001, 3.5067745E+001, 3.5042981E+001
 1.9672286E-002, 3.4984385E+001, 3.4995281E+001, 3.5004240E+001, 3.5005946E+001, 3.5001267E+001, 3.4996318E+001, 3.4997480E+001, 3.5007653E+001, 3.5024541E+001, 3.5041721E+001, 3.5052237E+001, 3.5052419E+001, 3.5043526E+001, 3.5030192E+001, 3.5017032E+001, 3.5006533E+001
 1.9783428E-002, 3.5063299E+001, 3.5090342E+001, 3.5106168E+001, 3.5101423E+001, 3.5075782E+001, 3.5037616E+001, 3.4999085E+001, 3.4970889E+001, 3.4957540E+001, 3.4956184E+001, 3.4960110E+001, 3.4963785E+001, 3.4965567E+001, 3.4966793E+001, 3.4968999E+001, 3.4972483E+001
 1.9894571E-002, 3.5109549E+001, 3.5145651E+001, 3.5167623E+001, 3.5164550E+001, 3.5133247E+001, 3.5079621E+001, 3.5016617E+001, 3.4959615E+001, 3.4919582E+001, 3.4898921E+001, 3.4893373E+001, 3.4897102E+001, 3.4906167E+001, 3.4918619E+001, 3.4932917E+001, 3.4947337E+001
 2.0005714E-002, 3.5118566E+001, 3.5155235E+001, 3.5180321E+001, 3.5184186E+001, 3.5160790E+001, 3.5110565E+001, 3.5042574E+001, 3.4972546E+001, 3.4915606E+001, 3.4879499E+001, 3.4863929E+001, 3.4864459E+001, 3.4876066E+001, 3.4894301E+001, 3.4915197E+001, 3.4935543E+001
 2.0116857E-002, 3.5094802E+001, 3.5124292E+001, 3.5148239E+001, 3.5160551E+001, 3.5153599E+001, 3.5121640E+001, 3.5066937E+001, 3.5001454E+001, 3.4941028E+001, 3.4897213E+001, 3.4873949E+001, 3.4869400E+001, 3.4878898E+001, 3.4896849E+001, 3.4918020E+001, 3.4938532E+001
 2.0228000E-002, 3.5049720E+001, 3.5066858E+001, 3.5085596E+001, 3.5104442E+001, 3.5115988E+001, 3.5109785E+001, 3.5080795E+001, 3.5034530E+001, 3.4984042E+001, 3.4942097E+001, 3.4915831E+001, 3.4906328E+001, 3.4910450E+001, 3.4922988E+001, 3.4938836E+001, 3.4954369E+001
 2.0339143E-002, 3.4998425E+001, 3.5001674E+001, 3.5012522E+001, 3.5033728E+001, 3.5059769E+001, 3.5078390E+001, 3.5079091E+001, 3.5060293E+001, 3.5029688E+001, 3.4998390E+001, 3.4974802E+001, 3.4962318E+001, 3.4959918E+001, 3.4964056E+001, 3.4971007E+001, 3.4978213E+001
 2.0450286E-002, 3.4955676E+001, 3.4947195E+001, 3.4949571E+001, 3.4968293E+001, 3.5000708E+001, 3.5036070E+001, 3.5061843E+001, 3.5070799E+001, 3.5064226E+001, 3.5049226E+001, 3.5033270E+001, 3.5020821E+001, 3.5012895E+001, 3.5008317E+001, 3.5005539E+001, 3.5003558E+001
 2.0561428E-002, 3.4932160E+001, 3.4916912E+001, 3.4912425E+001, 3.4924778E+001, 3.4954220E+001, 3.4994148E+001, 3.5033874E+001, 3.5063517E+001, 3.5078662E+001, 3.5081134E+001, 3.5075597E+001, 3.5066160E+001, 3.5055260E+001, 3.5044102E+001, 3.5033459E+001, 3.5023943E+001
 2.0672571E-002, 3.4931980E+001, 3.4916126E+001, 3.4908060E+001, 3.4912375E+001, 3.4931318E+001, 3.4963552E+001, 3.5003295E+001, 3.5041645E+001, 3.5070740E+001, 3.5087268E+001, 3.5092029E+001, 3.5087583E+001, 3.5076880E+001, 3.5062882E+001, 3.5048193E+001, 3.5034654E+001
 2.0783714E-002, 3.4952066E+001, 3.4941110E+001, 3.4933398E+001, 3.4930680E+001, 3.4935726E+001, 3.4951739E+001, 3.4979071E+001, 3.5012883E+001, 3.5045053E+001, 3.5068727E+001, 3.5080875E+001, 3.5081826E+001, 3.5074120E+001, 3.5061434E+001, 3.5047249E+001, 3.5033944E+001
 2.0894857E-002, 3.4983692E+001, 3.4980909E+001, 3.4976892E+001, 3.4970297E+001, 3.4962960E+001, 3.4960422E+001, 3.4968154E+001, 3.4986863E+001, 3.5011292E+001, 3.5033717E+001, 3.5048444E+001, 3.5053574E+001, 3.5050503E+001, 3.5042476E+001, 3.5032726E+001, 3.5023386E+001
 2.1006000E-002, 3.5015589E+001, 3.5021237E+001, 3.5022618E+001, 3.5016156E+001, 3.5001877E+001, 3.4984911E+001, 3.4973043E+001, 3.4971874E+001, 3.4980989E+001, 3.4994733E+001, 3.5006781E+001, 3.5013681E+001, 3.5015328E+001, 3.5013589E+001, 3.5010482E+001, 3.5007267E+001
 2.1117143E-002, 3.5037650E+001, 3.5049177E+001, 3.5055582E+001, 3.5052599E+001, 3.5038443E+001, 3.5015604E+001, 3.4990770E+001, 3.4971950E+001, 3.4963663E+001, 3.4964492E+001, 3.4969762E+001, 3.4975637E+001, 3.4980617E+001, 3.4984711E+001, 3.4988204E+001, 3.4991180E+001
 2.1228285E-002, 3.5044004E+001, 3.5057172E+001, 3.5066463E+001, 3.5068526E+001, 3.5060496E+001, 3.5041317E+001, 3.5013923E+001, 3.4985492E+001, 3.4963670E+001, 3.4951840E+001, 3.4948678E+001, 3.4951275E+001, 3.4957277E+001, 3.4964961E+001, 3.4972946E+001, 3.4980244E+001
 2.1339428E-002, 3.5034551E+001, 3.5045029E+001, 3.5054225E+001, 3.5060763E+001, 3.5061775E+001, 3.5053240E+001, 3.5033433E+001, 3.5006053E+001, 3.4978950E+001, 3.4959011E+001, 3.4948721E+001, 3.4947078E+001, 3.4951688E+001, 3.4959790E+001, 3.4968943E+001, 3.4977516E+001
 2.1450571E-002, 3.5014505E+001, 3.5019365E+001, 3.5025775E+001, 3.5034528E+001, 3.5043692E+001, 3.5047970E+001, 3.5042013E+001, 3.5024996E+001, 3.5002154E+001, 3.4981259E+001, 3.4967592E+001, 3.4962333E+001, 3.4963872E+001, 3.4969421E+001, 3.4976400E+001, 3.4983127E+001
 2.1561714E-002, 3.4992173E+001, 3.4990772E+001, 3.4992921E+001, 3.5000945E+001, 3.5014320E+001, 3.5028484E+001, 3.5036841E+001, 3.5034899E+001, 3.5023678E+001, 3.5008956E+001, 3.4996723E+001, 3.4989796E+001, 3.4987868E+001, 3.4989107E+001, 3.4991683E+001, 3.4994407E+001
 2.1672857E-002, 3.4975787E+001, 3.4969760E+001, 3.4967808E+001, 3.4972659E+001, 3.4985081E+001, 3.5002760E+001, 3.5020495E+001, 3.5032372E+001, 3.5035381E+001, 3.5031352E+001, 3.5024664E+001, 3.5018592E+001, 3.5014156E+001, 3.5011063E+001, 3.5008788E+001, 3.5006962E+001
 2.1784000E-002, 3.4970549E+001, 3.4962987E+001, 3.4958532E+001, 3.4959190E+001, 3.4966423E+001, 3.4980622E+001, 3.4999794E+001, 3.5019197E+001, 3.5033584E+001, 3.5040579E+001, 3.5041343E+001, 3.5038270E+001, 3.5033199E+001, 3.5027352E+001, 3.5021557E+001, 3.5016291E+001
 2.1895143E-002, 3.4977003E+001, 3.4971169E+001, 3.4966541E+001, 3.4963710E+001, 3.4964043E+001, 3.4969957E+001, 3.4982980E+001, 3.5001384E+001, 3.5020226E+001, 3.5034409E+001, 3.5041657E+001, 3.5042513E+001, 3.5038811E+001, 3.5032674E+001, 3.5025837E+001, 3.5019367E+001
 2.2006285E-002, 3.4991279E+001, 3.4989381E+001, 3.4986704E+001, 3.4982383E+001, 3.4977048E+001, 3.4973737E+001, 3.4976327E+001, 3.4986487E+001, 3.5001731E+001, 3.5016746E+001, 3.5027056E+001, 3.5031190E+001, 3.5030170E+001, 3.5026088E+001, 3.5020844E+001, 3.5015646E+001
 2.2117428E-002, 3.5006985E+001, 3.5009458E+001, 3.5009857E+001, 3.5006393E+001, 3.4998725E+001, 3.4989050E+001, 3.4981595E+001, 3.4980319E+001, 3.4986061E+001, 3.4995671E+001, 3.5004581E+001, 3.5010028E+001, 3.5011809E+001, 3.5011124E+001, 3.5009276E+001, 3.5007142E+001
 2.2228571E-002, 3.5017883E+001, 3.5023414E+001, 3.5026663E+001, 3.5025748E+001, 3.5019568E+001, 3.5008585E+001, 3.4995476E+001, 3.4984536E+001, 3.4979261E+001, 3.4979884E+001, 3.4983757E+001, 3.4988094E+001, 3.4991630E+001, 3.4994237E+001, 3.4996141E+001, 3.4997554E+001
 2.2339714E-002, 3.5020252E+001, 3.5026464E+001, 3.5031202E+001, 3.5033250E+001, 3.5031260E+001, 3.5023906E+001, 3.5011306E+001, 3.4996218E+001, 3.4983071E+001, 3.4975116E+001, 3.4972645E+001, 3.4974072E+001, 3.4977695E+001, 3.4982209E+001, 3.4986734E+001, 3.4990759E+001
 2.2450857E-002, 3.5014077E+001, 3.5018561E+001, 3.5022944E+001, 3.5027074E+001, 3.5029905E+001, 3.5029019E+001, 3.5022152E+001, 3.5009532E+001, 3.4994612E+001, 3.4982045E+001, 3.4974716E+001, 3.4972838E+001, 3.4975034E+001, 3.4979453E+001, 3.4984529E+001, 3.4989270E+001
 2.2562000E-002, 3.5002724E+001, 3.5004000E+001, 3.5006495E+001, 3.5011045E+001, 3.5017250E+001, 3.5022665E+001, 3.5023797E+001, 3.5018539E+001, 3.5008099E+001, 3.4996505E+001, 3.4987797E+001, 3.4983723E+001, 3.4983767E+001, 3.4986330E+001, 3.4989844E+001, 3.4993269E+001
 2.2673143E-002, 3.4991333E+001, 3.4989374E+001, 3.4989370E+001, 3.4992665E+001, 3.4999538E+001, 3.5008468E+001, 3.5016298E+001, 3.5019743E+001, 3.5017582E+001, 3.5011672E+001, 3.5005400E+001, 3.5001133E+001, 3.4999306E+001, 3.4999190E+001, 3.4999856E+001, 3.5000650E+001
 2.2784285E-002, 3.4984619E+001, 3.4980752E+001, 3.4978744E+001, 3.4979798E+001, 3.4984608E+001, 3.4993056E+001, 3.5003599E+001, 3.5013325E+001, 3.5019429E+001, 3.5021105E+001, 3.5019730E+001, 3.5017186E+001, 3.5014531E+001, 3.5012108E+001, 3.5009949E+001, 3.5008025E+001
 2.2895428E-002, 3.4984960E+001, 3.4981210E+001, 3.4978506E+001, 3.4977379E+001, 3.4978523E+001, 3.4983060E+001, 3.4991553E+001, 3.5002716E+001, 3.5013588E+001, 3.5021359E+001, 3.5025018E+001, 3.5025174E+001, 3.5022970E+001, 3.5019553E+001, 3.5015805E+001, 3.5012254E+001
 2.3006571E-002, 3.4991549E+001, 3.4989714E+001, 3.4987808E+001, 3.4985492E+001, 3.4983096E+001, 3.4982302E+001, 3.4985300E+001, 3.4992880E+001, 3.5003288E+001, 3.5013170E+001, 3.5019796E+001, 3.5022350E+001, 3.5021555E+001, 3.5018779E+001, 3.5015268E+001, 3.5011804E+001
 2.3117714E-002, 3.5000922E+001, 3.5001805E+001, 3.5001700E+001, 3.4999615E+001, 3.4995366E+001, 3.4990317E+001, 3.4987106E+001, 3.4988077E+001, 3.4993427E+001, 3.5000843E+001, 3.5007247E+001, 3.5010880E+001, 3.5011767E+001, 3.5010864E+001, 3.5009170E+001, 3.5007318E+001
 2.3228857E-002, 3.5008635E+001, 3.5011744E+001, 3.5013540E+001, 3.5012883E+001, 3.5009176E+001, 3.5002806E+001, 3.4995541E+001, 3.4990070E+001, 3.4988361E+001, 3.4990181E+001, 3.4993543E+001, 3.4996600E+001, 3.4998708E+001, 3.4999998E+001, 3.5000758E+001, 3.5001188E+001
 2.3340000E-002, 3.5011294E+001, 3.5015163E+001, 3.5018089E+001, 3.5019317E+001, 3.5018127E+001, 3.5013772E+001, 3.5006315E+001, 3.4997484E+001, 3.4990034E+001, 3.4985861E+001, 3.4984949E+001, 3.4986195E+001, 3.4988583E+001, 3.4991380E+001, 3.4994069E+001, 3.4996354E+001
 2.3451143E-002, 3.5008056E+001, 3.5010994E+001, 3.5013834E+001, 3.5016517E+001, 3.5018509E+001, 3.5018318E+001, 3.5014346E+001, 3.5006576E+001, 3.4997234E+001, 3.4989416E+001, 3.4985018E+001, 3.4984130E+001, 3.4985797E+001, 3.4988778E+001, 3.4992029E+001, 3.4994935E+001
 2.3562285E-002, 3.5000879E+001, 3.5001790E+001, 3.5003495E+001, 3.5006570E+001, 3.5010854E+001, 3.5014835E+001, 3.5016110E+001, 3.5013031E+001, 3.5006287E+001, 3.4998692E+001, 3.4993116E+001, 3.4990733E+001, 3.4991053E+001, 3.4992894E+001, 3.4995192E+001, 3.4997316E+001
 2.3673428E-002, 3.4993449E+001, 3.4992324E+001, 3.4992496E+001, 3.4994805E+001, 3.4999448E+001, 3.5005576E+001, 3.5011206E+001, 3.5013984E+001, 3.5012841E+001, 3.5009002E+001, 3.5004929E+001, 3.5002295E+001, 3.5001272E+001, 3.5001270E+001, 3.5001674E+001, 3.5002102E+001
 2.3784571E-002, 3.4989319E+001, 3.4987162E+001, 3.4986199E+001, 3.4987054E+001, 3.4990090E+001, 3.4995432E+001, 3.5002451E+001, 3.5009340E+001, 3.5013948E+001, 3.5015423E+001, 3.5014664E+001, 3.5013042E+001, 3.5011299E+001, 3.5009668E+001, 3.5008205E+001, 3.5006898E+001
 2.3895714E-002, 3.4990179E+001, 3.4988447E+001, 3.4987299E+001, 3.4986807E+001, 3.4987243E+001, 3.4989491E+001, 3.4994457E+001, 3.5001786E+001, 3.5009470E+001, 3.5015169E+001, 3.5017868E+001, 3.5017987E+001, 3.5016463E+001, 3.5014186E+001, 3.5011763E+001, 3.5009489E+001
 2.4006857E-002, 3.4995141E+001, 3.4995003E+001, 3.4994678E+001, 3.4993666E+001, 3.4991954E+001, 3.4990585E+001, 3.4991351E+001, 3.4995443E+001, 3.5002111E+001, 3.5008897E+001, 3.5013509E+001, 3.5015242E+001, 3.5014740E+001, 3.5013041E+001, 3.5010942E+001, 3.5008853E+001
 2.4118000E-002, 3.5001362E+001, 3.5003158E+001, 3.5004250E+001, 3.5003827E+001, 3.5001553E+001, 3.4997987E+001, 3.4994727E+001, 3.4993766E+001, 3.4996002E+001, 3.5000273E+001, 3.5004328E+001, 3.5006740E+001, 3.5007501E+001, 3.5007232E+001, 3.5006477E+001, 3.5005541E+001
 2.4229143E-002, 3.5005617E+001, 3.5008791E+001, 3.5011248E+001, 3.5012247E+001, 3.5011241E+001, 3.5007961E+001, 3.5002914E+001, 3.4997756E+001, 3.4994513E+001, 3.4993995E+001, 3.4995290E+001, 3.4997053E+001, 3.4998617E+001, 3.4999840E+001, 3.5000723E+001, 3.5001295E+001
 2.4340285E-002, 3.5005968E+001, 3.5009464E+001, 3.5012709E+001, 3.5015309E+001, 3.5016686E+001, 3.5015847E+001, 3.5011964E+001, 3.5005489E+001, 3.4998478E+001, 3.4993298E+001, 3.4990949E+001, 3.4990963E+001, 3.4992391E+001, 3.4994392E+001, 3.4996399E+001, 3.4998113E+001
 2.4451428E-002, 3.5002661E+001, 3.5005549E+001, 3.5008864E+001, 3.5012592E+001, 3.5016259E+001, 3.5018581E+001, 3.5017876E+001, 3.5013268E+001, 3.5005834E+001, 3.4998291E+001, 3.4993100E+001, 3.4991018E+001, 3.4991378E+001, 3.4993077E+001, 3.4995210E+001, 3.4997226E+001
 2.4562571E-002, 3.4997855E+001, 3.4999854E+001, 3.5002825E+001, 3.5006923E+001, 3.5011778E+001, 3.5016305E+001, 3.5018822E+001, 3.5017755E+001, 3.5012886E+001, 3.5006027E+001, 3.4999926E+001, 3.4996283E+001, 3.4995133E+001, 3.4995661E+001, 3.4996990E+001, 3.4998473E+001
 2.4673714E-002, 3.4994412E+001, 3.4996059E+001, 3.4998859E+001, 3.5002796E+001, 3.5007475E+001, 3.5012248E+001, 3.5016147E+001, 3.5017875E+001, 3.5016437E+001, 3.5012211E+001, 3.5007061E+001, 3.5002886E+001, 3.5000455E+001, 3.4999601E+001, 3.4999763E+001, 3.5000352E+001
 2.4784857E-002, 3.4994436E+001, 3.4996859E+001, 3.5000242E+001, 3.5004106E+001, 3.5007810E+001, 3.5011009E+001, 3.5013633E+001, 3.5015397E+001, 3.5015555E+001, 3.5013547E+001, 3.5009908E+001, 3.5006003E+001, 3.5002976E+001, 3.5001261E+001, 3.5000676E+001, 3.5000735E+001
 2.4896000E-002, 3.4998345E+001, 3.5002789E+001, 3.5007830E+001, 3.5012381E+001, 3.5015336E+001, 3.5016230E+001, 3.5015474E+001, 3.5013911E+001, 3.5011976E+001, 3.5009391E+001, 3.5005942E+001, 3.5002221E+001, 3.4999232E+001, 3.4997606E+001, 3.4997307E+001, 3.4997834E+001
 2.5007143E-002, 3.5004897E+001, 3.5012276E+001, 3.5019997E+001, 3.5026394E+001, 3.5029743E+001, 3.5028949E+001, 3.5024159E+001, 3.5016845E+001, 3.5008978E+001, 3.5001835E+001, 3.4995754E+001, 3.4991010E+001, 3.4988160E+001, 3.4987493E+001, 3.4988688E+001, 3.4990947E+001
 2.5118285E-002, 3.5012099E+001, 3.5022792E+001, 3.5033895E+001, 3.5043276E+001, 3.5048514E+001, 3.5047506E+001, 3.5039454E+001, 3.5025694E+001, 3.5009448E+001, 3.4994241E+001, 3.4982307E+001, 3.4974566E+001, 3.4971235E+001, 3.4971895E+001, 3.4975488E+001, 3.4980568E+001
 2.5229428E-002, 3.5018466E+001, 3.5032459E+001, 3.5047299E+001, 3.5060469E+001, 3.5068789E+001, 3.5068991E+001, 3.5059008E+001, 3.5039479E+001, 3.5014286E+001, 3.4989124E+001, 3.4968888E+001, 3.4956117E+001, 3.4951175E+001, 3.4952912E+001, 3.4959256E+001, 3.4967800E+001
 2.5340571E-002, 3.5023976E+001, 3.5041267E+001, 3.5060088E+001, 3.5077468E+001, 3.5089357E+001, 3.5091330E+001, 3.5080139E+001, 3.5055664E+001, 3.5022035E+001, 3.4986610E+001, 3.4956911E+001, 3.4937643E+001, 3.4929910E+001, 3.4932111E+001, 3.4941131E+001, 3.4953414E+001
 2.5451714E-002, 3.5030268E+001, 3.5051315E+001, 3.5074600E+001, 3.5096438E+001, 3.5111689E+001, 3.5114800E+001, 3.5101677E+001, 3.5071861E+001, 3.5029842E+001, 3.4984269E+001, 3.4944803E+001, 3.4918288E+001, 3.4906955E+001, 3.4909115E+001, 3.4920750E+001, 3.4937066E+001
 2.5562857E-002, 3.5040012E+001, 3.5065996E+001, 3.5094737E+001, 3.5121423E+001, 3.5139473E+001, 3.5142131E+001, 3.5124774E+001, 3.5087245E+001, 3.5035043E+001, 3.4978319E+001, 3.4928536E+001, 3.4894340E+001, 3.4879111E+001, 3.4881273E+001, 3.4895998E+001, 3.4917152E+001
 2.5674000E-002, 3.5055812E+001, 3.5088565E+001, 3.5124288E+001, 3.5156562E+001, 3.5176941E+001, 3.5177202E+001, 3.5152288E+001, 3.5102882E+001, 3.5036412E+001, 3.4965408E+001, 3.4903445E+001, 3.4860772E+001, 3.4841698E+001, 3.4844623E+001, 3.4863765E+001, 3.4891396E+001
 2.5785143E-002, 3.5079217E+001, 3.5120861E+001, 3.5165372E+001, 3.5204295E+001, 3.5226893E+001, 3.5223071E+001, 3.5187137E+001, 3.5120851E+001, 3.5034404E+001, 3.4943965E+001, 3.4866270E+001, 3.4813494E+001, 3.4790638E+001, 3.4795652E+001, 3.4821326E+001, 3.4857863E+001
 2.5896285E-002, 3.5110386E+001, 3.5162858E+001, 3.5217841E+001, 3.5264519E+001, 3.5289500E+001, 3.5280390E+001, 3.5230515E+001, 3.5142667E+001, 3.5030291E+001, 3.4914387E+001, 3.4816312E+001, 3.4751034E+001, 3.4724235E+001, 3.4732866E+001, 3.4767577E+001, 3.4815855E+001
 2.6007428E-002, 3.5148544E+001, 3.5213296E+001, 3.5279965E+001, 3.5335133E+001, 3.5362467E+001, 3.5346991E+001, 3.5280858E+001, 3.5167812E+001, 3.5024690E+001, 3.4878034E+001, 3.4755117E+001, 3.4674812E+001, 3.4643736E+001, 3.4657382E+001, 3.4703528E+001, 3.4766263E+001
 2.6118571E-002, 3.5192966E+001, 3.5270980E+001, 3.5349959E+001, 3.5413594E+001, 3.5442358E+001, 3.5418720E+001, 3.5333974E+001, 3.5193083E+001, 3.5016249E+001, 3.4835615E+001, 3.4684986E+001, 3.4587973E+001, 3.4552495E+001, 3.4572343E+001, 3.4631883E+001, 3.4711265E+001
 2.6229714E-002, 3.5243826E+001, 3.5335910E+001, 3.5427343E+001, 3.5498424E+001, 3.5526181E+001, 3.5490927E+001, 3.5384173E+001, 3.5213054E+001, 3.5001245E+001, 3.4786000E+001, 3.4607311E+001, 3.4493652E+001, 3.4454428E+001, 3.4481672E+001, 3.4556109E+001, 3.4653661E+001
 2.6340857E-002, 3.5302303E+001, 3.5409416E+001, 3.5513127E+001, 3.5589595E+001, 3.5612134E+001, 3.5559688E+001, 3.5425793E+001, 3.5221493E+001, 3.4974449E+001, 3.4726249E+001, 3.4521864E+001, 3.4393840E+001, 3.4352807E+001, 3.4389032E+001, 3.4479630E+001, 3.4596280E+001
 2.6452000E-002, 3.5369739E+001, 3.5493022E+001, 3.5608514E+001, 3.5687346E+001, 3.5698960E+001, 3.5622040E+001, 3.5454391E+001, 3.5213190E+001, 3.4931029E+001, 3.4653095E+001, 3.4427627E+001, 3.4289644E+001, 3.4250196E+001, 3.4297631E+001, 3.4405619E+001, 3.4541802E+001
 2.6563143E-002, 3.5446210E+001, 3.5586564E+001, 3.5712709E+001, 3.5790011E+001, 3.5784217E+001, 3.5675154E+001, 3.5467108E+001, 3.5185447E+001, 3.4868738E+001, 3.4565280E+001, 3.4324819E+001, 3.4182840E+001, 3.4149528E+001, 3.4210933E+001, 3.4337429E+001, 3.4493009E+001
 2.6674285E-002, 3.5529277E+001, 3.5686589E+001, 3.5821099E+001, 3.5892150E+001, 3.5862564E+001, 3.5715058E+001, 3.5462186E+001, 3.5138622E+001, 3.4789407E+001, 3.4465611E+001, 3.4217066E+001, 3.4077778E+001, 3.4055590E+001, 3.4133681E+001, 3.4279245E+001, 3.4453165E+001
 2.6785428E-002, 3.5613587E+001, 3.5785951E+001, 3.5924883E+001, 3.5984181E+001, 3.5925268E+001, 3.5735915E+001, 3.5438147E+001, 3.5075596E+001, 3.4699027E+001, 3.4361672E+001, 3.4112471E+001, 3.3982477E+001, 3.3975887E+001, 3.4072453E+001, 3.4236372E+001, 3.4426162E+001
 2.6896571E-002, 3.5691472E+001, 3.5874738E+001, 3.6012355E+001, 3.6053866E+001, 3.5961549E+001, 3.5730726E+001, 3.5393523E+001, 3.5000707E+001, 3.4606456E+001, 3.4264771E+001, 3.4022907E+001, 3.3908117E+001, 3.3920183E+001, 3.4035196E+001, 3.4214794E+001, 3.4416140E+001
 2.7007714E-002, 3.5754101E+001, 3.5941911E+001, 3.6071102E+001, 3.6088985E+001, 3.5961377E+001, 3.5693597E+001, 3.5327818E+001, 3.4919115E+001, 3.4521593E+001, 3.4187623E+001, 3.3961708E+001, 3.3866957E+001, 3.3898698E+001, 3.4029727E+001, 3.4220006E+001, 3.4426642E+001
 2.7118857E-002, 3.5792509E+001, 3.5976768E+001, 3.6090041E+001, 3.6080012E+001, 3.5918625E+001, 3.5622767E+001, 3.5243557E+001, 3.4837173E+001, 3.4454026E+001, 3.4141834E+001, 3.3940719E+001, 3.3869461E+001, 3.3919602E+001, 3.4061729E+001, 3.4255517E+001, 3.4459560E+001
 2.7230000E-002, 3.5798210E+001, 3.5969837E+001, 3.6060775E+001, 3.6021991E+001, 3.5833335E+001, 3.5522979E+001, 3.5148281E+001, 3.4763432E+001, 3.4412591E+001, 3.4136145E+001, 3.3967790E+001, 3.3921690E+001, 3.3986737E+001, 3.4132985E+001, 3.4321598E+001, 3.4514311E+001
 2.7341143E-002, 3.5763677E+001, 3.5913607E+001, 3.5978534E+001, 3.5915465E+001, 3.5712357E+001, 3.5405807E+001, 3.5054867E+001, 3.4708988E+001, 3.4405319E+001, 3.4175625E+001, 3.4045394E+001, 3.4023794E+001, 3.4098334E+001, 3.4240472E+001, 3.4414736E+001, 3.4587553E+001
 2.7452285E-002, 3.5683400E+001, 3.5803860E+001, 3.5843311E+001, 3.5766703E+001, 3.5568177E+001, 3.5287380E+001, 3.4979179E+001, 3.4685959E+001, 3.4438770E+001, 3.4261380E+001, 3.4170415E+001, 3.4169886E+001, 3.4247082E+001, 3.4376608E+001, 3.4527993E+001, 3.4673588E+001
 2.7563428E-002, 3.5555886E+001, 3.5641856E+001, 3.5661262E+001, 3.5587301E+001, 3.5416273E+001, 3.5184052E+001, 3.4935433E+001, 3.4703959E+001, 3.4516241E+001, 3.4390227E+001, 3.4334710E+001, 3.4349081E+001, 3.4421346E+001, 3.4530487E+001, 3.4652147E+001, 3.4765326E+001
 2.7674571E-002, 3.5386192E+001, 3.5436643E+001, 3.5445626E+001, 3.5392938E+001, 3.5271726E+001, 3.5107621E+001, 3.4931115E+001, 3.4765885E+001, 3.4635320E+001, 3.4554198E+001, 3.4526068E+001, 3.4547192E+001, 3.4607084E+001, 3.4689693E+001, 3.4777238E+001, 3.4855488E+001
 2.7785714E-002, 3.5187719E+001, 3.5205998E+001, 3.5216060E+001, 3.5201141E+001, 3.5146127E+001, 3.5062068E+001, 3.4963805E+001, 3.4865089E+001, 3.4786091E+001, 3.4740300E+001, 3.4729330E+001, 3.4748590E+001, 3.4789859E+001, 3.4842128E+001, 3.4894051E+001, 3.4937690E+001
 2.7896857E-002, 3.4981820E+001, 3.4974789E+001, 3.4995925E+001, 3.5028500E+001, 3.5045876E+001, 3.5043282E+001, 3.5021577E+001, 3.4985611E+001, 3.4951257E+001, 3.4931109E+001, 3.4927634E+001, 3.4937820E+001, 3.4956475E+001, 3.4977419E+001, 3.4995158E+001, 3.5007101E+001
 2.8008000E-002, 3.4794544E+001, 3.4770691E+001, 3.4808198E+001, 3.4888279E+001, 3.4972461E+001, 3.5041813E+001, 3.5086929E+001, 3.5105787E+001, 3.5108747E+001, 3.5106580E+001, 3.5103847E+001, 3.5100823E+001, 3.5095969E+001, 3.5087622E+001, 3.5075311E+001, 3.5060575E+001
 2.8119143E-002, 3.4651164E+001, 3.4618581E+001, 3.4671473E+001, 3.4789210E+001, 3.4924326E+001, 3.5047249E+001, 3.5142540E+001, 3.5204006E+001, 3.5236294E+001, 3.5247023E+001, 3.5242259E+001, 3.5225833E+001, 3.5200031E+001, 3.5167312E+001, 3.5131299E+001, 3.5096412E+001
 2.8230285E-002, 3.4570277E+001, 3.4535479E+001, 3.4597270E+001, 3.4735538E+001, 3.4899109E+001, 3.5052073E+001, 3.5176384E+001, 3.5264457E+001, 3.5316613E+001, 3.5336725E+001, 3.5330567E+001, 3.5304221E+001, 3.5263174E+001, 3.5213390E+001, 3.5161615E+001, 3.5114032E+001
 2.8341428E-002, 3.4559462E+001, 3.4527455E+001, 3.4588975E+001, 3.4727644E+001, 3.4895026E+001, 3.5053372E+001, 3.5184214E+001, 3.5280734E+001, 3.5341477E+001, 3.5367340E+001, 3.5362027E+001, 3.5331542E+001, 3.5283074E+001, 3.5225055E+001, 3.5166312E+001, 3.5113864E+001
 2.8452571E-002, 3.4613816E+001, 3.4588906E+001, 3.4641923E+001, 3.4762478E+001, 3.4910908E+001, 3.5052211E+001, 3.5168933E+001, 3.5256164E+001, 3.5313256E+001, 3.5339983E+001, 3.5337263E+001, 3.5308741E+001, 3.5261238E+001, 3.5204164E+001, 3.5147246E+001, 3.5097532E+001
 2.8563714E-002, 3.4717526E+001, 3.4703938E+001, 3.4744072E+001, 3.4833468E+001, 3.4945271E+001, 3.5051703E+001, 3.5137906E+001, 3.5201262E+001, 3.5243480E+001, 3.5265144E+001, 3.5264978E+001, 3.5243012E+001, 3.5203743E+001, 3.5155805E+001, 3.5108518E+001, 3.5068183E+001
 2.8674857E-002, 3.4847747E+001, 3.4849327E+001, 3.4877158E+001, 3.4930152E+001, 3.4995126E+001, 3.5055089E+001, 3.5100023E+001, 3.5129949E+001, 3.5149245E+001, 3.5160310E+001, 3.5160905E+001, 3.5147589E+001, 3.5121372E+001, 3.5088535E+001, 3.5056674E+001, 3.5030590E+001
 2.8786000E-002, 3.4979529E+001, 3.4998578E+001, 3.5018673E+001, 3.5038196E+001, 3.5055066E+001, 3.5064498E+001, 3.5063737E+001, 3.5056357E+001, 3.5049134E+001, 3.5046105E+001, 3.5044987E+001, 3.5039986E+001, 3.5028576E+001, 3.5013723E+001, 3.5000226E+001, 3.4990761E+001
 2.8897143E-002, 3.5090514E+001, 3.5126441E+001, 3.5144953E+001, 3.5140500E+001, 3.5117011E+001, 3.5080275E+001, 3.5036140E+001, 3.4993042E+001, 3.4960130E+001, 3.4942357E+001, 3.4937578E+001, 3.4938919E+001, 3.4941178E+001, 3.4943846E+001, 3.4948382E+001, 3.4955024E+001
 2.9008285E-002, 3.5164444E+001, 3.5213112E+001, 3.5235139E+001, 3.5219702E+001, 3.5170921E+001, 3.5100618E+001, 3.5022309E+001, 3.4950064E+001, 3.4895845E+001, 3.4865172E+001, 3.4855847E+001, 3.4860819E+001, 3.4873398E+001, 3.4890159E+001, 3.4909334E+001, 3.4928859E+001
 2.9119428E-002, 3.5193109E+001, 3.5247330E+001, 3.5275161E+001, 3.5261696E+001, 3.5206578E+001, 3.5121566E+001, 3.5024384E+001, 3.4933945E+001, 3.4865373E+001, 3.4825172E+001, 3.4811257E+001, 3.4816962E+001, 3.4835182E+001, 3.4860516E+001, 3.4888672E+001, 3.4915873E+001
 2.9230571E-002, 3.5176880E+001, 3.5227961E+001, 3.5260672E+001, 3.5259085E+001, 3.5216055E+001, 3.5137607E+001, 3.5040619E+001, 3.4946186E+001, 3.4872035E+001, 3.4826426E+001, 3.4808276E+001, 3.4811906E+001, 3.4830606E+001, 3.4858043E+001, 3.4888463E+001, 3.4917252E+001
 2.9341714E-002, 3.5124119E+001, 3.5163910E+001, 3.5198110E+001, 3.5213359E+001, 3.5196039E+001, 3.5142943E+001, 3.5065156E+001, 3.4982057E+001, 3.4912149E+001, 3.4865771E+001, 3.4844082E+001, 3.4843239E+001, 3.4857618E+001, 3.4880936E+001, 3.4907154E+001, 3.4931751E+001
 2.9452857E-002, 3.5049563E+001, 3.5072400E+001, 3.5103548E+001, 3.5135029E+001, 3.5149180E+001, 3.5133177E+001, 3.5089116E+001, 3.5030813E+001, 3.4974826E+001, 3.4932860E+001, 3.4909089E+001, 3.4902372E+001, 3.4908836E+001, 3.4923166E+001, 3.4940127E+001, 3.4956074E+001
 2.9564000E-002, 3.4971589E+001, 3.4975628E+001, 3.4999431E+001, 3.5041609E+001, 3.5084051E+001, 3.5106957E+001, 3.5103018E+001, 3.5077983E+001, 3.5043739E+001, 3.5011613E+001, 3.4988426E+001, 3.4976089E+001, 3.4973024E+001, 3.4975709E+001, 3.4980592E+001, 3.4985452E+001
 2.9675143E-002, 3.4908439E+001, 3.4896070E+001, 3.4909700E+001, 3.4953893E+001, 3.5013733E+001, 3.5067173E+001, 3.5099931E+001, 3.5109388E+001, 3.5100961E+001, 3.5083393E+001, 3.5064529E+001, 3.5048752E+001, 3.5036956E+001, 3.5028017E+001, 3.5020654E+001, 3.5014336E+001
 2.9786285E-002, 3.4873976E+001, 3.4851209E+001, 3.4854200E+001, 3.4891241E+001, 3.4953233E+001, 3.5021165E+001, 3.5078271E+001, 3.5115597E+001, 3.5131872E+001, 3.5131393E+001, 3.5120692E+001, 3.5105125E+001, 3.5087647E+001, 3.5069723E+001, 3.5052542E+001, 3.5037237E+001
 2.9897428E-002, 3.4874183E+001, 3.4849090E+001, 3.4843681E+001, 3.4866825E+001, 3.4916015E+001, 3.4979456E+001, 3.5042991E+001, 3.5095134E+001, 3.5129459E+001, 3.5145038E+001, 3.5144941E+001, 3.5133536E+001, 3.5114855E+001, 3.5092569E+001, 3.5070044E+001, 3.5049756E+001
 3.0008571E-002, 3.4905711E+001, 3.4886273E+001, 3.4876924E+001, 3.4883987E+001, 3.4910242E+001, 3.4952860E+001, 3.5004338E+001, 3.5055067E+001, 3.5096419E+001, 3.5122960E+001, 3.5133183E+001, 3.5128773E+001, 3.5113516E+001, 3.5092340E+001, 3.5069978E+001, 3.5049648E+001
 3.0119714E-002, 3.4957193E+001, 3.4949147E+001, 3.4941209E+001, 3.4935045E+001, 3.4935869E+001, 3.4948657E+001, 3.4974251E+001, 3.5008524E+001, 3.5044181E+001, 3.5073411E+001, 3.5090528E+001, 3.5093743E+001, 3.5085352E+001, 3.5070206E+001, 3.5053227E+001, 3.5037584E+001
 3.0230857E-002, 3.5012967E+001, 3.5018343E+001, 3.5016296E+001, 3.5003397E+001, 3.4984020E+001, 3.4967456E+001, 3.4961779E+001, 3.4969961E+001, 3.4989051E+001, 3.5011766E+001, 3.5030058E+001, 3.5039066E+001, 3.5038832E+001, 3.5032805E+001, 3.5024813E+001, 3.5017195E+001
 3.0342000E-002, 3.5057845E+001, 3.5074691E+001, 3.5080684E+001, 3.5068577E+001, 3.5039438E+001, 3.5002440E+001, 3.4969559E+001, 3.4950068E+001, 3.4946832E+001, 3.4955781E+001, 3.4969100E+001, 3.4980292E+001, 3.4987106E+001, 3.4990663E+001, 3.4992720E+001, 3.4994223E+001
 3.0453143E-002, 3.5081277E+001, 3.5104598E+001, 3.5117906E+001, 3.5112539E+001, 3.5085370E+001, 3.5041665E+001, 3.4993078E+001, 3.4952437E+001, 3.4927929E+001, 3.4920208E+001, 3.4924118E+001, 3.4933435E+001, 3.4944295E+001, 3.4955268E+001, 3.4965686E+001, 3.4974938E+001
 3.0564285E-002, 3.5079681E+001, 3.5103161E+001, 3.5120680E+001, 3.5124792E+001, 3.5108929E+001, 3.5072423E+001, 3.5022918E+001, 3.4973219E+001, 3.4934720E+001, 3.4912663E+001, 3.4905939E+001, 3.4910286E+001, 3.4921356E+001, 3.4935726E+001, 3.4950679E+001, 3.4964332E+001
 3.0675428E-002, 3.5056534E+001, 3.5074405E+001, 3.5091863E+001, 3.5104697E+001, 3.5104789E+001, 3.5085613E+001, 3.5048662E+001, 3.5003499E+001, 3.4961891E+001, 3.4932094E+001, 3.4916984E+001, 3.4915166E+001, 3.4922996E+001, 3.4936187E+001, 3.4950945E+001, 3.4964729E+001
 3.0786571E-002, 3.5020590E+001, 3.5029106E+001, 3.5042472E+001, 3.5060589E+001, 3.5076043E+001, 3.5078311E+001, 3.5062503E+001, 3.5032914E+001, 3.4999089E+001, 3.4970036E+001, 3.4951281E+001, 3.4944187E+001, 3.4946686E+001, 3.4954936E+001, 3.4965276E+001, 3.4975257E+001
 3.0897714E-002, 3.4983025E+001, 3.4981262E+001, 3.4987908E+001, 3.5006591E+001, 3.5032456E+001, 3.5053885E+001, 3.5061180E+001, 3.5052868E+001, 3.5034544E+001, 3.5013833E+001, 3.4996944E+001, 3.4987041E+001, 3.4983935E+001, 3.4985298E+001, 3.4988646E+001, 3.4992287E+001
 3.1008857E-002, 3.4954367E+001, 3.4944266E+001, 3.4943653E+001, 3.4958404E+001, 3.4987128E+001, 3.5020209E+001, 3.5046066E+001, 3.5058454E+001, 3.5058355E+001, 3.5050531E+001, 3.5040031E+001, 3.5030447E+001, 3.5023167E+001, 3.5017876E+001, 3.5013866E+001, 3.5010620E+001
 3.1120000E-002, 3.4941893E+001, 3.4927610E+001, 3.4921360E+001, 3.4929156E+001, 3.4952781E+001, 3.4987047E+001, 3.5022046E+001, 3.5049033E+001, 3.5064726E+001, 3.5070330E+001, 3.5068524E+001, 3.5062052E+001, 3.5053130E+001, 3.5043307E+001, 3.5033689E+001, 3.5025004E+001
 3.1231143E-002, 3.4947952E+001, 3.4934631E+001, 3.4925982E+001, 3.4926059E+001, 3.4938473E+001, 3.4963468E+001, 3.4995997E+001, 3.5027918E+001, 3.5052988E+001, 3.5068857E+001, 3.5075393E+001, 3.5073687E+001, 3.5065908E+001, 3.5054787E+001, 3.5042781E+001, 3.5031582E+001
 3.1342285E-002, 3.4969498E+001, 3.4961732E+001, 3.4954484E+001, 3.4948482E+001, 3.4947267E+001, 3.4955700E+001, 3.4975243E+001, 3.5001501E+001, 3.5027478E+001, 3.5047957E+001, 3.5060158E+001, 3.5063323E+001, 3.5058880E+001, 3.5049813E+001, 3.5039126E+001, 3.5028910E+001
 3.1453428E-002, 3.4998995E+001, 3.4999382E+001, 3.4996622E+001, 3.4988013E+001, 3.4975313E+001, 3.4965528E+001, 3.4965905E+001, 3.4977851E+001, 3.4996396E+001, 3.5014947E+001, 3.5028717E+001, 3.5035379E+001, 3.5035285E+001, 3.5030795E+001, 3.5024541E+001, 3.5018328E+001
 3.1564571E-002, 3.5026625E+001, 3.5034909E+001, 3.5037971E+001, 3.5030884E+001, 3.5012767E+001, 3.4989527E+001, 3.4971096E+001, 3.4964623E+001, 3.4969661E+001, 3.4980520E+001, 3.4991521E+001, 3.4999332E+001, 3.5003230E+001, 3.5004334E+001, 3.5004132E+001, 3.5003551E+001
 3.1675714E-002, 3.5043349E+001, 3.5056535E+001, 3.5064595E+001, 3.5062397E+001, 3.5046715E+001, 3.5019618E+001, 3.4989421E+001, 3.4966512E+001, 3.4956020E+001, 3.4955667E+001, 3.4960496E+001, 3.4966895E+001, 3.4973262E+001, 3.4979228E+001, 3.4984720E+001, 3.4989520E+001
 3.1786857E-002, 3.5043951E+001, 3.5057425E+001, 3.5067903E+001, 3.5072032E+001, 3.5065448E+001, 3.5045312E+001, 3.5014671E+001, 3.4983090E+001, 3.4960030E+001, 3.4948282E+001, 3.4945422E+001, 3.4948402E+001, 3.4955053E+001, 3.4963650E+001, 3.4972640E+001, 3.4980816E+001
 3.1898000E-002, 3.5028959E+001, 3.5038240E+001, 3.5047834E+001, 3.5057293E+001, 3.5062674E+001, 3.5057242E+001, 3.5037475E+001, 3.5008265E+001, 3.4980066E+001, 3.4960433E+001, 3.4950766E+001, 3.4949447E+001, 3.4954193E+001, 3.4962402E+001, 3.4971615E+001, 3.4980135E+001
 3.2009143E-002, 3.5004548E+001, 3.5006968E+001, 3.5012889E+001, 3.5024635E+001, 3.5039931E+001, 3.5050782E+001, 3.5048717E+001, 3.5032142E+001, 3.5008440E+001, 3.4987362E+001, 3.4974049E+001, 3.4968943E+001, 3.4970242E+001, 3.4975256E+001, 3.4981486E+001, 3.4987378E+001
 3.2120285E-002, 3.4980205E+001, 3.4975836E+001, 3.4976787E+001, 3.4986917E+001, 3.5006120E+001, 3.5028194E+001, 3.5043445E+001, 3.5044910E+001, 3.5034050E+001, 3.5018898E+001, 3.5006522E+001, 3.4999418E+001, 3.4996901E+001, 3.4997096E+001, 3.4998338E+001, 3.4999722E+001
 3.2231428E-002, 3.4964976E+001, 3.4956422E+001, 3.4952987E+001, 3.4958341E+001, 3.4974171E+001, 3.4998172E+001, 3.5023455E+001, 3.5041190E+001, 3.5046765E+001, 3.5043093E+001, 3.5036163E+001, 3.5029633E+001, 3.5024307E+001, 3.5019846E+001, 3.5015978E+001, 3.5012664E+001
 3.2342571E-002, 3.4963863E+001, 3.4955067E+001, 3.4949398E+001, 3.4948906E+001, 3.4956027E+001, 3.4972603E+001, 3.4997021E+001, 3.5022738E+001, 3.5041786E+001, 3.5050876E+001, 3.5052102E+001, 3.5048672E+001, 3.5042653E+001, 3.5035438E+001, 3.5028193E+001, 3.5021653E+001
 3.2453714E-002, 3.4976012E+001, 3.4970627E+001, 3.4965567E+001, 3.4960673E+001, 3.4957891E+001, 3.4961641E+001, 3.4975480E+001, 3.4997940E+001, 3.5021905E+001, 3.5039836E+001, 3.5048841E+001, 3.5050007E+001, 3.5045758E+001, 3.5038700E+001, 3.5030950E+001, 3.5023705E+001
 3.2564857E-002, 3.4995477E+001, 3.4995513E+001, 3.4993485E+001, 3.4987396E+001, 3.4977798E+001, 3.4969212E+001, 3.4968017E+001, 3.4977989E+001, 3.4996361E+001, 3.5015367E+001, 3.5028509E+001, 3.5033961E+001, 3.5033259E+001, 3.5029116E+001, 3.5023762E+001, 3.5018438E+001
 3.2676000E-002, 3.5014047E+001, 3.5019315E+001, 3.5021429E+001, 3.5017571E+001, 3.5006688E+001, 3.4991266E+001, 3.4977282E+001, 3.4971492E+001, 3.4976535E+001, 3.4988329E+001, 3.5000021E+001, 3.5007538E+001, 3.5010630E+001, 3.5010882E+001, 3.5009773E+001, 3.5008172E+001
 3.2787143E-002, 3.5024719E+001, 3.5033166E+001, 3.5038894E+001, 3.5039411E+001, 3.5032533E+001, 3.5017804E+001, 3.4998276E+001, 3.4980408E+001, 3.4970583E+001, 3.4970160E+001, 3.4975293E+001, 3.4981579E+001, 3.4986998E+001, 3.4991272E+001, 3.4994552E+001, 3.4997028E+001
 3.2898285E-002, 3.5024251E+001, 3.5032939E+001, 3.5040457E+001, 3.5045465E+001, 3.5045520E+001, 3.5037672E+001, 3.5021162E+001, 3.4999559E+001, 3.4979847E+001, 3.4967762E+001, 3.4964117E+001, 3.4966316E+001, 3.4971555E+001, 3.4977849E+001, 3.4983980E+001, 3.4989352E+001
 3.3009428E-002, 3.5013927E+001, 3.5020195E+001, 3.5027208E+001, 3.5035054E+001, 3.5041886E+001, 3.5043577E+001, 3.5036295E+001, 3.5019818E+001, 3.4998922E+001, 3.4980778E+001, 3.4970086E+001, 3.4967199E+001, 3.4969924E+001, 3.4975538E+001, 3.4981967E+001, 3.4988001E+001
 3.3120571E-002, 3.4998526E+001, 3.5000937E+001, 3.5005635E+001, 3.5013873E+001, 3.5024896E+001, 3.5034877E+001, 3.5038617E+001, 3.5032877E+001, 3.5018960E+001, 3.5002458E+001, 3.4989451E+001, 3.4982814E+001, 3.4981958E+001, 3.4984677E+001, 3.4988888E+001, 3.4993191E+001
 3.3231714E-002, 3.4984209E+001, 3.4982995E+001, 3.4984773E+001, 3.4991308E+001, 3.5002914E+001, 3.5017150E+001, 3.5029316E+001, 3.5034873E+001, 3.5032084E+001, 3.5023292E+001, 3.5013263E+001, 3.5005777E+001, 3.5001916E+001, 3.5000886E+001, 3.5001400E+001, 3.5002393E+001
 3.3342857E-002, 3.4976211E+001, 3.4973134E+001, 3.4972817E+001, 3.4976723E+001, 3.4985744E+001, 3.4999240E+001, 3.5014434E+001, 3.5027312E+001, 3.5034548E+001, 3.5035316E+001, 3.5031524E+001, 3.5026067E+001, 3.5020936E+001, 3.5016873E+001, 3.5013806E+001, 3.5011379E+001
 3.3454000E-002, 3.4977105E+001, 3.4974805E+001, 3.4974307E+001, 3.4976068E+001, 3.4980812E+001, 3.4989430E+001, 3.5001697E+001, 3.5015468E+001, 3.5027491E+001, 3.5035053E+001, 3.5037297E+001, 3.5035235E+001, 3.5030720E+001, 3.5025447E+001, 3.5020407E+001, 3.5015972E+001
 3.3565143E-002, 3.4986105E+001, 3.4987139E+001, 3.4988719E+001, 3.4989926E+001, 3.4990634E+001, 3.4992428E+001, 3.4997322E+001, 3.5005656E+001, 3.5015576E+001, 3.5024169E+001, 3.5029085E+001, 3.5029640E+001, 3.5026838E+001, 3.5022428E+001, 3.5017825E+001, 3.5013741E+001
 3.3676285E-002, 3.4999524E+001, 3.5005453E+001, 3.5010874E+001, 3.5013608E+001, 3.5012314E+001, 3.5008123E+001, 3.5004093E+001, 3.5002821E+001, 3.5004683E+001, 3.5008059E+001, 3.5010771E+001, 3.5011473E+001, 3.5010266E+001, 3.5008196E+001, 3.5006263E+001, 3.5004871E+001
 3.3787428E-002, 3.5012247E+001, 3.5023116E+001, 3.5033075E+001, 3.5039233E+001, 3.5039096E+001, 3.5032240E+001, 3.5021023E+001, 3.5009248E+001, 3.4999776E+001, 3.4993386E+001, 3.4989494E+001, 3.4987331E+001, 3.4986563E+001, 3.4987199E+001, 3.4989134E+001, 3.4991864E+001
 3.3898571E-002, 3.5019760E+001, 3.5034231E+001, 3.5048285E+001, 3.5059063E+001, 3.5063303E+001, 3.5058374E+001, 3.5044258E+001, 3.5024342E+001, 3.5003519E+001, 3.4985593E+001, 3.4972544E+001, 3.4965107E+001, 3.4963129E+001, 3.4965684E+001, 3.4971286E+001, 3.4978213E+001
 3.4009714E-002, 3.5020049E+001, 3.5036164E+001, 3.5053185E+001, 3.5068848E+001, 3.5079584E+001, 3.5080613E+001, 3.5068675E+001, 3.5045108E+001, 3.5015655E+001, 3.4987100E+001, 3.4964489E+001, 3.4950553E+001, 3.4945789E+001, 3.4948708E+001, 3.4956635E+001, 3.4966694E+001
 3.4120857E-002, 3.5014620E+001, 3.5030897E+001, 3.5049833E+001, 3.5069825E+001, 3.5087253E+001, 3.5095925E+001, 3.5089740E+001, 3.5067120E+001, 3.5033075E+001, 3.4996486E+001, 3.4965444E+001, 3.4944859E+001, 3.4936161E+001, 3.4937759E+001, 3.4946291E+001, 3.4958040E+001
 3.4232000E-002, 3.5008094E+001, 3.5024462E+001, 3.5045075E+001, 3.5068459E+001, 3.5090812E+001, 3.5105554E+001, 3.5105285E+001, 3.5085964E+001, 3.5050667E+001, 3.5008825E+001, 3.4970943E+001, 3.4944103E+001, 3.4930872E+001, 3.4930002E+001, 3.4937974E+001, 3.4950529E+001
 3.4343143E-002, 3.5006389E+001, 3.5024515E+001, 3.5047772E+001, 3.5073873E+001, 3.5098319E+001, 3.5114867E+001, 3.5116705E+001, 3.5099060E+001, 3.5063059E+001, 3.5017261E+001, 3.4973453E+001, 3.4940682E+001, 3.4922845E+001, 3.4919376E+001, 3.4926878E+001, 3.4940613E+001
 3.4454285E-002, 3.5014232E+001, 3.5037046E+001, 3.5064974E+001, 3.5093971E+001, 3.5118127E+001, 3.5131463E+001, 3.5128935E+001, 3.5107201E+001, 3.5066960E+001, 3.5015594E+001, 3.4965129E+001, 3.4926166E+001, 3.4904031E+001, 3.4898947E+001, 3.4907522E+001, 3.4924265E+001
 3.4565428E-002, 3.5033152E+001, 3.5063782E+001, 3.5098840E+001, 3.5131986E+001, 3.5155266E+001, 3.5162025E+001, 3.5148708E+001, 3.5114812E+001, 3.5063030E+001, 3.5000997E+001, 3.4940894E+001, 3.4894498E+001, 3.4868448E+001, 3.4863516E+001, 3.4875795E+001, 3.4898462E+001
 3.4676571E-002, 3.5061046E+001, 3.5101683E+001, 3.5145912E+001, 3.5185168E+001, 3.5209128E+001, 3.5209109E+001, 3.5181400E+001, 3.5128114E+001, 3.5055933E+001, 3.4975489E+001, 3.4900571E+001, 3.4844293E+001, 3.4814343E+001, 3.4811451E+001, 3.4830393E+001, 3.4862272E+001
 3.4787714E-002, 3.5093618E+001, 3.5144887E+001, 3.5199254E+001, 3.5246423E+001, 3.5273758E+001, 3.5269503E+001, 3.5227780E+001, 3.5151572E+001, 3.5051880E+001, 3.4944946E+001, 3.4848867E+001, 3.4779226E+001, 3.4744659E+001, 3.4745118E+001, 3.4773191E+001, 3.4817155E+001
 3.4898857E-002, 3.5126996E+001, 3.5188165E+001, 3.5252415E+001, 3.5308196E+001, 3.5340813E+001, 3.5335297E+001, 3.5282538E+001, 3.5184353E+001, 3.5054482E+001, 3.4915639E+001, 3.4792870E+001, 3.4706193E+001, 3.4665615E+001, 3.4669799E+001, 3.4708459E+001, 3.4766419E+001
 3.5010000E-002, 3.5160148E+001, 3.5230067E+001, 3.5303142E+001, 3.5366574E+001, 3.5403762E+001, 3.5397353E+001, 3.5335821E+001, 3.5219091E+001, 3.5061256E+001, 3.4889913E+001, 3.4738013E+001, 3.4631920E+001, 3.4583964E+001, 3.4591570E+001, 3.4641267E+001, 3.4714045E+001
 3.5121142E-002, 3.5195765E+001, 3.5273992E+001, 3.5354767E+001, 3.5423330E+001, 3.5460987E+001, 3.5449413E+001, 3.5377268E+001, 3.5244185E+001, 3.5063211E+001, 3.4863627E+001, 3.4684660E+001, 3.4559616E+001, 3.4504150E+001, 3.4515021E+001, 3.4575734E+001, 3.4663393E+001
 3.5232285E-002, 3.5239049E+001, 3.5326518E+001, 3.5414369E+001, 3.5484603E+001, 3.5515939E+001, 3.5490475E+001, 3.5400426E+001, 3.5248742E+001, 3.5048331E+001, 3.4827285E+001, 3.4627439E+001, 3.4487522E+001, 3.4426740E+001, 3.4441880E+001, 3.4513919E+001, 3.4616338E+001
 3.5343428E-002, 3.5294976E+001, 3.5393760E+001, 3.5488570E+001, 3.5556803E+001, 3.5574101E+001, 3.5523993E+001, 3.5405026E+001, 3.5227511E+001, 3.5007339E+001, 3.4770682E+001, 3.4558091E+001, 3.4410357E+001, 3.4349080E+001, 3.4371267E+001, 3.4455889E+001, 3.4573283E+001
 3.5454571E-002, 3.5365452E+001, 3.5477687E+001, 3.5579176E+001, 3.5641858E+001, 3.5638314E+001, 3.5554235E+001, 3.5395730E+001, 3.5182988E+001, 3.4938587E+001, 3.4688721E+001, 3.4470574E+001, 3.4323155E+001, 3.4267987E+001, 3.4301546E+001, 3.4401004E+001, 3.4534051E+001
 3.5565714E-002, 3.5447866E+001, 3.5574342E+001, 3.5681041E+001, 3.5734461E+001, 3.5705095E+001, 3.5581793E+001, 3.5377971E+001, 3.5123357E+001, 3.4849216E+001, 3.4585139E+001, 3.4365711E+001, 3.4225581E+001, 3.4183213E+001, 3.4232936E+001, 3.4349802E+001, 3.4499225E+001
 3.5676857E-002, 3.5535700E+001, 3.5674847E+001, 3.5783219E+001, 3.5822789E+001, 3.5764075E+001, 3.5600967E+001, 3.5353349E+001, 3.5057446E+001, 3.4751846E+001, 3.4472002E+001, 3.4252840E+001, 3.4124428E+001, 3.4099896E+001, 3.4169514E+001, 3.4305502E+001, 3.4471212E+001
 3.5788000E-002, 3.5620660E+001, 3.5768337E+001, 3.5872518E+001, 3.5892215E+001, 3.5801034E+001, 3.5600836E+001, 3.5317616E+001, 3.4989847E+001, 3.4658786E+001, 3.4365237E+001, 3.4147486E+001, 3.4032909E+001, 3.4028624E+001, 3.4119501E+001, 3.4274249E+001, 3.4454379E+001
 3.5899142E-002, 3.5694897E+001, 3.5844946E+001, 3.5937262E+001, 3.5929838E+001, 3.5802954E+001, 3.5569786E+001, 3.5262900E+001, 3.4919481E+001, 3.4577397E+001, 3.4278860E+001, 3.4066333E+001, 3.3966986E+001, 3.3982908E+001, 3.4093468E+001, 3.4263795E+001, 3.4454063E+001
 3.6010285E-002, 3.5752008E+001, 3.5897120E+001, 3.5969226E+001, 3.5927582E+001, 3.5762608E+001, 3.5501258E+001, 3.5183182E+001, 3.4842687E+001, 3.4509467E+001, 3.4221247E+001, 3.4022211E+001, 3.3940528E+001, 3.3975128E+001, 3.4101147E+001, 3.4281068E+001, 3.4474784E+001
 3.6121428E-002, 3.5786423E+001, 3.5918912E+001, 3.5963338E+001, 3.5882933E+001, 3.5680865E+001, 3.5397905E+001, 3.5079973E+001, 3.4758866E+001, 3.4454626E+001, 3.4195218E+001, 3.4021507E+001, 3.3961532E+001, 3.4012715E+001, 3.4148154E+001, 3.4329637E+001, 3.4518416E+001
 3.6232571E-002, 3.5792020E+001, 3.5904420E+001, 3.5916331E+001, 3.5798039E+001, 3.5566305E+001, 3.5272279E+001, 3.4964963E+001, 3.4675004E+001, 3.4415074E+001, 3.4200966E+001, 3.4064625E+001, 3.4030793E+001, 3.4096095E+001, 3.4234010E+001, 3.4408146E+001, 3.4583119E+001
 3.6343714E-002, 3.5761418E+001, 3.5847205E+001, 3.5826187E+001, 3.5678548E+001, 3.5432887E+001, 3.5143843E+001, 3.4858036E+001, 3.4606134E+001, 3.4398203E+001, 3.4239180E+001, 3.4148200E+001, 3.4142920E+001, 3.4218935E+001, 3.4352123E+001, 3.4510335E+001, 3.4663476E+001
 3.6454857E-002, 3.5687111E+001, 3.5741861E+001, 3.5693318E+001, 3.5533022E+001, 3.5296691E+001, 3.5033505E+001, 3.4781375E+001, 3.4571153E+001, 3.4415275E+001, 3.4312062E+001, 3.4267191E+001, 3.4288580E+001, 3.4370178E+001, 3.4491555E+001, 3.4626556E+001, 3.4751769E+001
 3.6566000E-002, 3.5564500E+001, 3.5587356E+001, 3.5522838E+001, 3.5372681E+001, 3.5172565E+001, 3.4957655E+001, 3.4752094E+001, 3.4585897E+001, 3.4476783E+001, 3.4421690E+001, 3.4415689E+001, 3.4456714E+001, 3.4536776E+001, 3.4639698E+001, 3.4746106E+001, 3.4839829E+001
 3.6677142E-002, 3.5395616E+001, 3.5390408E+001, 3.5326200E+001, 3.5210627E+001, 3.5071302E+001, 3.4923769E+001, 3.4776429E+001, 3.4656600E+001, 3.4586873E+001, 3.4566919E+001, 3.4586500E+001, 3.4636036E+001, 3.4706114E+001, 3.4784834E+001, 3.4859477E+001, 3.4920777E+001
 3.6788285E-002, 3.5191697E+001, 3.5166814E+001, 3.5120656E+001, 3.5060122E+001, 3.4997949E+001, 3.4929038E+001, 3.4847710E+001, 3.4776520E+001, 3.4739497E+001, 3.4740652E+001, 3.4770271E+001, 3.4815714E+001, 3.4867522E+001, 3.4917826E+001, 3.4959807E+001, 3.4990049E+001
 3.6899428E-002, 3.4973061E+001, 3.4939637E+001, 3.4926361E+001, 3.4932395E+001, 3.4951844E+001, 3.4962402E+001, 3.4948696E+001, 3.4926965E+001, 3.4917948E+001, 3.4928904E+001, 3.4955007E+001, 3.4985476E+001, 3.5012712E+001, 3.5032606E+001, 3.5043210E+001, 3.5045507E+001
 3.7010571E-002, 3.4765869E+001, 3.4734751E+001, 3.4762352E+001, 3.4835100E+001, 3.4928438E+001, 3.5009038E+001, 3.5057126E+001, 3.5082182E+001, 3.5097950E+001, 3.5112169E+001, 3.5126408E+001, 3.5135448E+001, 3.5135353E+001, 3.5125597E+001, 3.5108086E+001, 3.5086734E+001
 3.7121714E-002, 3.4596749E+001, 3.4575547E+001, 3.4643196E+001, 3.4772095E+001, 3.4922135E+001, 3.5055422E+001, 3.5152248E+001, 3.5216256E+001, 3.5253263E+001, 3.5268734E+001, 3.5269137E+001, 3.5256057E+001, 3.5230213E+001, 3.5194519E+001, 3.5153881E+001, 3.5113982E+001
 3.7232857E-002, 3.4487116E+001, 3.4478687E+001, 3.4577358E+001, 3.4744278E+001, 3.4928720E+001, 3.5092950E+001, 3.5219987E+001, 3.5309676E+001, 3.5362028E+001, 3.5379092E+001, 3.5368935E+001, 3.5338400E+001, 3.5292520E+001, 3.5237299E+001, 3.5179979E+001, 3.5127293E+001
 3.7344000E-002, 3.4448906E+001, 3.4451874E+001, 3.4567131E+001, 3.4750482E+001, 3.4946174E+001, 3.5118901E+001, 3.5255168E+001, 3.5353446E+001, 3.5411915E+001, 3.5430375E+001, 3.5415334E+001, 3.5375398E+001, 3.5318123E+001, 3.5251785E+001, 3.5185371E+001, 3.5126308E+001
 3.7455142E-002, 3.4482612E+001, 3.4493467E+001, 3.4609276E+001, 3.4787743E+001, 3.4973752E+001, 3.5134877E+001, 3.5260477E+001, 3.5349592E+001, 3.5402463E+001, 3.5419533E+001, 3.5404440E+001, 3.5363742E+001, 3.5304758E+001, 3.5236621E+001, 3.5169380E+001, 3.5110867E+001
 3.7566285E-002, 3.4577686E+001, 3.4593281E+001, 3.4695720E+001, 3.4851041E+001, 3.5010302E+001, 3.5143991E+001, 3.5243116E+001, 3.5308231E+001, 3.5343865E+001, 3.5354150E+001, 3.5340838E+001, 3.5306025E+001, 3.5254019E+001, 3.5192998E+001, 3.5133117E+001, 3.5082100E+001
 3.7677428E-002, 3.4714921E+001, 3.4734197E+001, 3.4814243E+001, 3.4933169E+001, 3.5053151E+001, 3.5148510E+001, 3.5211035E+001, 3.5242830E+001, 3.5252817E+001, 3.5250349E+001, 3.5237559E+001, 3.5211920E+001, 3.5173001E+001, 3.5126298E+001, 3.5080819E+001, 3.5043336E+001
 3.7788571E-002, 3.4870275E+001, 3.4894558E+001, 3.4949485E+001, 3.5025160E+001, 3.5098234E+001, 3.5149089E+001, 3.5170548E+001, 3.5166003E+001, 3.5147350E+001, 3.5128451E+001, 3.5113617E+001, 3.5097347E+001, 3.5074386E+001, 3.5046468E+001, 3.5020127E+001, 3.5000173E+001
 3.7899714E-002, 3.5019342E+001, 3.5051297E+001, 3.5084456E+001, 3.5117164E+001, 3.5141126E+001, 3.5145605E+001, 3.5126161E+001, 3.5087588E+001, 3.5042956E+001, 3.5008163E+001, 3.4989779E+001, 3.4981427E+001, 3.4974374E+001, 3.4966479E+001, 3.4960816E+001, 3.4959455E+001
 3.8010857E-002, 3.5141425E+001, 3.5183312E+001, 3.5202396E+001, 3.5199332E+001, 3.5178038E+001, 3.5138610E+001, 3.5081974E+001, 3.5015226E+001, 3.4951343E+001, 3.4905283E+001, 3.4884231E+001, 3.4882240E+001, 3.4888997E+001, 3.4899261E+001, 3.4912381E+001, 3.4927525E+001
 3.8122000E-002, 3.5222207E+001, 3.5274251E+001, 3.5288615E+001, 3.5262415E+001, 3.5206110E+001, 3.5130191E+001, 3.5043217E+001, 3.4956069E+001, 3.4881330E+001, 3.4830744E+001, 3.4809797E+001, 3.4813095E+001, 3.4830344E+001, 3.4854426E+001, 3.4881563E+001, 3.4908570E+001
 3.8233142E-002, 3.5254662E+001, 3.5314139E+001, 3.5332026E+001, 3.5298262E+001, 3.5222973E+001, 3.5123559E+001, 3.5016521E+001, 3.4917771E+001, 3.4840122E+001, 3.4791249E+001, 3.4773223E+001, 3.4780688E+001, 3.4804297E+001, 3.4836286E+001, 3.4870967E+001, 3.4903840E+001
 3.8344285E-002, 3.5238680E+001, 3.5299989E+001, 3.5326497E+001, 3.5300650E+001, 3.5226183E+001, 3.5121464E+001, 3.5008296E+001, 3.4907514E+001, 3.4833273E+001, 3.4789924E+001, 3.4775828E+001, 3.4785340E+001, 3.4810503E+001, 3.4843904E+001, 3.4879318E+001, 3.4911999E+001
 3.8455428E-002, 3.5180402E+001, 3.5236073E+001, 3.5272302E+001, 3.5266760E+001, 3.5213139E+001, 3.5124159E+001, 3.5021669E+001, 3.4929138E+001, 3.4862874E+001, 3.4825984E+001, 3.4814388E+001, 3.4822497E+001, 3.4844062E+001, 3.4872751E+001, 3.4902880E+001, 3.4930223E+001
 3.8566571E-002, 3.5091808E+001, 3.5134245E+001, 3.5177576E+001, 3.5199073E+001, 3.5181878E+001, 3.5128045E+001, 3.5053412E+001, 3.4979713E+001, 3.4924945E+001, 3.4893613E+001, 3.4881612E+001, 3.4884359E+001, 3.4897636E+001, 3.4916698E+001, 3.4937013E+001, 3.4955265E+001
 3.8677714E-002, 3.4990195E+001, 3.5013742E+001, 3.5058889E+001, 3.5106848E+001, 3.5132652E+001, 3.5126153E+001, 3.5092847E+001, 3.5047640E+001, 3.5007819E+001, 3.4981196E+001, 3.4966377E+001, 3.4960903E+001, 3.4962796E+001, 3.4969190E+001, 3.4976964E+001, 3.4983914E+001
 3.8788857E-002, 3.4896355E+001, 3.4899115E+001, 3.4939654E+001, 3.5006045E+001, 3.5069772E+001, 3.5111016E+001, 3.5124303E+001, 3.5114113E+001, 3.5093068E+001, 3.5072071E+001, 3.5054350E+001, 3.5040372E+001, 3.5030323E+001, 3.5023290E+001, 3.5017752E+001, 3.5012816E+001
 3.8900000E-002, 3.4830628E+001, 3.4815393E+001, 3.4845543E+001, 3.4916886E+001, 3.5002734E+001, 3.5079128E+001, 3.5133017E+001, 3.5158406E+001, 3.5159468E+001, 3.5147268E+001, 3.5129566E+001, 3.5109864E+001, 3.5090134E+001, 3.5071326E+001, 3.5053789E+001, 3.5038164E+001
 3.9011142E-002, 3.4807371E+001, 3.4781203E+001, 3.4797634E+001, 3.4859083E+001, 3.4945384E+001, 3.5034709E+001, 3.5112187E+001, 3.5165447E+001, 3.5189093E+001, 3.5189791E+001, 3.5177137E+001, 3.5156783E+001, 3.5131930E+001, 3.5105220E+001, 3.5079115E+001, 3.5055856E+001
 3.9122285E-002, 3.4830079E+001, 3.4802490E+001, 3.4805619E+001, 3.4845893E+001, 3.4912350E+001, 3.4989938E+001, 3.5067350E+001, 3.5132470E+001, 3.5173547E+001, 3.5189350E+001, 3.5186719E+001, 3.5171407E+001, 3.5147169E+001, 3.5118077E+001, 3.5088628E+001, 3.5062369E+001
 3.9233428E-002, 3.4889788E+001, 3.4870041E+001, 3.4864135E+001, 3.4879195E+001, 3.4913444E+001, 3.4960350E+001, 3.5014903E+001, 3.5071175E+001, 3.5117825E+001, 3.5146113E+001, 3.5155843E+001, 3.5149977E+001, 3.5131882E+001, 3.5106560E+001, 3.5079886E+001, 3.5056016E+001
 3.9344571E-002, 3.4968046E+001, 3.4962544E+001, 3.4954339E+001, 3.4948078E+001, 3.4948660E+001, 3.4957178E+001, 3.4974593E+001, 3.5003418E+001, 3.5039613E+001, 3.5071891E+001, 3.5091835E+001, 3.5096978E+001, 3.5088973E+001, 3.5072810E+001, 3.5054515E+001, 3.5037943E+001
 3.9455714E-002, 3.5043303E+001, 3.5054042E+001, 3.5050379E+001, 3.5032175E+001, 3.5006959E+001, 3.4981153E+001, 3.4959788E+001, 3.4951779E+001, 3.4963314E+001, 3.4987512E+001, 3.5011017E+001, 3.5025176E+001, 3.5028541E+001, 3.5024708E+001, 3.5018375E+001, 3.5012270E+001
 3.9566857E-002, 3.5097770E+001, 3.5122342E+001, 3.5127866E+001, 3.5108511E+001, 3.5070144E+001, 3.5021901E+001, 3.4971397E+001, 3.4929800E+001, 3.4910799E+001, 3.4916414E+001, 3.4934616E+001, 3.4952744E+001, 3.4965628E+001, 3.4974076E+001, 3.4980240E+001, 3.4985208E+001
 3.9678000E-002, 3.5121851E+001, 3.5154697E+001, 3.5170568E+001, 3.5158656E+001, 3.5119852E+001, 3.5063405E+001, 3.4999137E+001, 3.4937456E+001, 3.4893303E+001, 3.4876653E+001, 3.4882304E+001, 3.4898070E+001, 3.4915981E+001, 3.4933401E+001, 3.4949437E+001, 3.4963416E+001
 3.9789142E-002, 3.5114922E+001, 3.5149088E+001, 3.5173012E+001, 3.5173154E+001, 3.5143887E+001, 3.5091842E+001, 3.5028788E+001, 3.4964143E+001, 3.4908752E+001, 3.4874992E+001, 3.4865865E+001, 3.4874115E+001, 3.4891398E+001, 3.4912288E+001, 3.4933269E+001, 3.4952151E+001
 3.9900285E-002, 3.5083214E+001, 3.5111970E+001, 3.5139293E+001, 3.5152193E+001, 3.5139020E+001, 3.5100986E+001, 3.5050112E+001, 3.4996397E+001, 3.4945453E+001, 3.4905961E+001, 3.4885811E+001, 3.4884592E+001, 3.4896399E+001, 3.4914869E+001, 3.4935058E+001, 3.4953807E+001
 4.0000000E-002, 3.5041905E+001, 3.5061294E+001, 3.5087048E+001, 3.5109602E+001, 3.5113788E+001, 3.5094122E+001, 3.5059829E+001, 3.5022195E+001, 3.4984630E+001, 3.4950257E+001, 3.4926718E+001, 3.4918442E+001, 3.4923179E+001, 3.4935609E+001, 3.4950811E+001, 3.4965429E+001
